Player,Pos,Squad Code,Squad,Age,Club,Born,MP,Starts,Min,90s,Gls,Ast,GA,GnPK,PK,PKatt,CrdY,CrdR,Gls90,Ast90,GA90,GnPK90,GAnPK90
Thiago Almada,MF,ar,Argentina,25,1.es Atlético Madrid,2001,5,3,241,2.7,0,0,0,0,0,0,1,0,0,0,0,0,0
Julián Álvarez,FW,ar,Argentina,26,1.es Atlético Madrid,2000,8,5,602,6.7,1,0,1,1,0,0,0,0,0.15,0,0.15,0.15,0.15
Valentín Barco,DFMF,ar,Argentina,21,1.fr Strasbourg,2004,1,0,20,0.2,0,0,0,0,0,0,0,0,0,0,0,0,0
Rodrigo De Paul,MF,ar,Argentina,32,1.us Inter Miami,1994,7,6,491,5.5,0,1,1,0,0,0,1,0,0,0.18,0.18,0,0.18
Enzo Fernández,MF,ar,Argentina,25,1.eng Chelsea,2001,7,7,659,7.3,2,0,2,2,0,0,2,1,0.27,0,0.27,0.27,0.27
Nicolás González,MF,ar,Argentina,28,1.es Atlético Madrid,1998,7,1,259,2.9,0,1,1,0,0,0,0,0,0,0.35,0.35,0,0.35
Giovani Lo Celso,MF,ar,Argentina,30,1.es Real Betis,1996,1,1,59,0.7,1,0,1,1,0,0,0,0,1.53,0,1.53,1.53,1.53
Flaco López,FW,ar,Argentina,25,1.br Palmeiras,2000,2,0,20,0.2,0,1,1,0,0,0,1,0,0,4.5,4.5,0,4.5
Alexis Mac Allister,MF,ar,Argentina,27,1.eng Liverpool,1998,8,7,750,8.3,1,1,2,1,0,0,1,0,0.12,0.12,0.24,0.12,0.24
Emiliano Martínez,GK,ar,Argentina,33,1.eng Aston Villa,1992,8,8,810,9,0,0,0,0,0,0,0,0,0,0,0,0,0
Lautaro Martínez,FW,ar,Argentina,28,1.it Inter,1997,7,4,310,3.4,3,1,4,2,1,1,1,0,0.87,0.29,1.16,0.58,0.87
Lisandro Martínez,DF,ar,Argentina,28,1.eng Manchester Utd,1998,7,7,624,6.9,1,1,2,1,0,0,2,0,0.14,0.14,0.29,0.14,0.29
Facundo Medina,DF,ar,Argentina,27,1.fr Marseille,1999,5,3,308,3.4,0,1,1,0,0,0,1,0,0,0.29,0.29,0,0.29
Lionel Messi,FW,ar,Argentina,38,1.us Inter Miami,1987,8,7,740,8.2,8,4,12,8,0,2,0,0,0.97,0.49,1.46,0.97,1.46
Nahuel Molina,DF,ar,Argentina,28,1.es Atlético Madrid,1998,7,5,528,5.9,0,0,0,0,0,0,0,0,0,0,0,0,0
Gonzalo Montiel,DF,ar,Argentina,29,1.ar River Plate,1997,6,2,192,2.1,0,1,1,0,0,0,1,0,0,0.47,0.47,0,0.47
Nicolás Otamendi,DF,ar,Argentina,38,1.pt Benfica,1988,7,1,247,2.7,0,0,0,0,0,0,0,0,0,0,0,0,0
Exequiel Palacios,DF,ar,Argentina,27,1.de Leverkusen,1998,1,1,90,1,0,0,0,0,0,0,0,0,0,0,0,0,0
Leandro Paredes,MF,ar,Argentina,31,1.ar Boca Juniors,1994,7,4,473,5.3,0,0,0,0,0,0,2,0,0,0,0,0,0
Nicolás Paz,MF,ar,Argentina,21,1.it Como,2004,2,1,71,0.8,0,0,0,0,0,0,0,0,0,0,0,0,0
Cristian Romero,DF,ar,Argentina,28,1.eng Tottenham,1998,7,7,608,6.8,1,0,1,1,0,0,2,0,0.15,0,0.15,0.15,0.15
Marcos Senesi,DF,ar,Argentina,29,1.eng Bournemouth,1997,2,1,109,1.2,0,0,0,0,0,0,0,0,0,0,0,0,0
Giuliano Simeone,FW,ar,Argentina,23,1.es Atlético Madrid,2002,3,2,192,2.1,0,0,0,0,0,0,0,0,0,0,0,0,0
Nicolás Tagliafico,DF,ar,Argentina,33,1.fr Lyon,1992,7,5,476,5.3,0,0,0,0,0,0,0,0,0,0,0,0,0
David Alaba,DF,at,Austria,33,1.es Real Madrid,1992,4,4,275,3.1,0,1,1,0,0,0,0,0,0,0.33,0.33,0,0.33
Marko Arnautović,FW,at,Austria,37,1.rs Red Star,1989,4,1,144,1.6,2,0,2,1,1,1,1,0,1.25,0,1.25,0.62,0.62
Carney Chukwuemeka,MF,at,Austria,22,1.de Dortmund,2003,3,0,83,0.9,0,0,0,0,0,0,0,0,0,0,0,0,0
Kevin Danso,DF,at,Austria,27,1.eng Tottenham,1998,4,2,241,2.7,0,0,0,0,0,0,0,0,0,0,0,0,0
Marco Friedl,DF,at,Austria,28,1.de Werder Bremen,1998,1,0,24,0.3,0,0,0,0,0,0,0,0,0,0,0,0,0
Michael Gregoritsch,FW,at,Austria,32,1.de Augsburg,1994,3,2,188,2.1,0,1,1,0,0,0,0,0,0,0.48,0.48,0,0.48
Florian Grillitsch,DFMF,at,Austria,30,1.pt Braga,1995,2,0,90,1,0,0,0,0,0,0,0,0,0,0,0,0,0
Saša Kalajdžić,FW,at,Austria,28,1.at LASK,1997,3,1,77,0.9,1,0,1,1,0,0,0,0,1.17,0,1.17,1.17,1.17
Konrad Laimer,MFDF,at,Austria,29,1.de Bayern Munich,1997,4,4,360,4,0,1,1,0,0,0,1,0,0,0.25,0.25,0,0.25
Philipp Lienhart,DF,at,Austria,29,1.de Freiburg,1996,2,2,180,2,0,0,0,0,0,0,0,0,0,0,0,0,0
Phillipp Mwene,DF,at,Austria,32,1.de Mainz 05,1994,2,2,147,1.6,0,0,0,0,0,0,0,0,0,0,0,0,0
Stefan Posch,DF,at,Austria,29,1.de Mainz 05,1997,4,4,331,3.7,0,0,0,0,0,0,2,0,0,0,0,0,0
Alexander Prass,DFMF,at,Austria,25,1.de Hoffenheim,2001,2,0,29,0.3,0,0,0,0,0,0,0,0,0,0,0,0,0
Marcel Sabitzer,MF,at,Austria,32,1.de Dortmund,1994,4,4,360,4,1,0,1,1,0,0,1,0,0.25,0,0.25,0.25,0.25
Alexander Schlager,GK,at,Austria,30,1.at RB Salzburg,1996,4,4,360,4,0,0,0,0,0,0,0,0,0,0,0,0,0
Xaver Schlager,MF,at,Austria,28,1.de RB Leipzig,1997,4,4,238,2.6,0,1,1,0,0,0,0,0,0,0.38,0.38,0,0.38
Romano Schmid,MFFW,at,Austria,26,1.de Werder Bremen,2000,4,4,263,2.9,1,0,1,1,0,0,0,0,0.34,0,0.34,0.34,0.34
Nicolas Seiwald,MF,at,Austria,25,1.de RB Leipzig,2001,4,4,315,3.5,0,0,0,0,0,0,0,0,0,0,0,0,0
Paul Wanner,MF,at,Austria,20,1.nl PSV,2005,4,2,234,2.6,0,0,0,0,0,0,0,0,0,0,0,0,0
Patrick Wimmer,FWMF,at,Austria,25,1.de Wolfsburg,2001,2,0,21,0.2,0,0,0,0,0,0,0,0,0,0,0,0,0
Patrick Beach,GK,au,Australia,22,1.au Melb City,2003,4,4,388,4.3,0,0,0,0,0,0,0,0,0,0,0,0,0
Aziz Behich,MF,au,Australia,35,1.au Melb City,1990,3,2,217,2.4,0,0,0,0,0,0,0,0,0,0,0,0,0
Jordy Bos,MFDF,au,Australia,23,1.nl Feyenoord,2002,4,4,308,3.4,0,0,0,0,0,0,1,0,0,0,0,0,0
Cameron Burgess,DF,au,Australia,30,2.eng Swansea City,1995,2,2,135,1.5,0,0,0,0,0,0,0,0,0,0,0,0,0
Alessandro Circati,DF,au,Australia,22,1.it Parma,2003,4,4,390,4.3,0,0,0,0,0,0,1,0,0,0,0,0,0
Jason Geria,DF,au,Australia,33,2.jp Albirex Niigata,1993,2,0,62,0.7,0,0,0,0,0,0,0,0,0,0,0,0,0
Lucas Herrington,DF,au,Australia,18,1.us Colorado Rapids,2007,2,2,210,2.3,0,0,0,0,0,0,0,0,0,0,0,0,0
Ajdin Hrustic,MF,au,Australia,29,1.nl Heracles Almelo,1996,2,0,80,0.9,0,0,0,0,0,0,0,0,0,0,0,0,0
Nestory Irankunda,FWMF,au,Australia,20,2.eng Watford,2006,4,3,261,2.9,1,0,1,1,0,0,0,0,0.34,0,0.34,0.34,0.34
Jackson Irvine,MF,au,Australia,33,1.de St Pauli,1993,4,2,223,2.5,0,0,0,0,0,0,1,0,0,0,0,0,0
Jacob Italiano,DF,au,Australia,24,1.at Grazer AK,2001,2,2,163,1.8,0,0,0,0,0,0,1,0,0,0,0,0,0
Mathew Leckie,MF,au,Australia,35,1.au Melb City,1991,1,1,60,0.7,0,0,0,0,0,0,0,0,0,0,0,0,0
Awer Mabil,FWMF,au,Australia,30,2.es Castellón,1995,1,0,30,0.3,0,0,0,0,0,0,0,0,0,0,0,0,0
Connor Metcalfe,MF,au,Australia,26,1.de St Pauli,1999,4,3,315,3.5,1,0,1,1,0,0,0,0,0.29,0,0.29,0.29,0.29
Aiden O'Neill,MF,au,Australia,27,1.us NYCFC,1998,4,4,360,4,0,0,0,0,0,0,0,0,0,0,0,0,0
Paul Okon-Engstler,MF,au,Australia,21,1.au Sydney FC,2005,4,2,197,2.2,0,1,1,0,0,0,0,0,0,0.46,0.46,0,0.46
Mathew Ryan,GK,au,Australia,34,1.es Levante,1992,1,0,2,0,0,0,0,0,0,0,0,0,0,0,0,0,0
Harry Souttar,DF,au,Australia,27,2.eng Leicester City,1998,4,4,390,4.3,0,0,0,0,0,0,1,0,0,0,0,0,0
Mo Touré,FW,au,Australia,22,2.eng Norwich City,2004,3,2,165,1.8,0,0,0,0,0,0,0,0,0,0,0,0,0
Kai Trewin,DFMF,au,Australia,25,1.us NYCFC,2001,1,0,75,0.8,0,0,0,0,0,0,0,0,0,0,0,0,0
Nishan Velupillay,MF,au,Australia,25,1.au Melb. Victory,2001,2,1,75,0.8,0,0,0,0,0,0,0,0,0,0,0,0,0
Cristian Volpato,MF,au,Australia,22,1.it Sassuolo,2003,3,2,160,1.8,0,0,0,0,0,0,0,0,0,0,0,0,0
Tete Yengi,FW,au,Australia,25,1.jp Machida Zelvia,2000,2,0,24,0.3,0,0,0,0,0,0,0,0,0,0,0,0,0
Kerim Alajbegović,MF,ba,Bosnia–Herz,18,1.at RB Salzburg,2007,4,3,277,3.1,1,0,1,1,0,0,0,0,0.32,0,0.32,0.32,0.32
Esmir Bajraktarevic,MF,ba,Bosnia–Herz,21,1.nl PSV,2005,4,2,230,2.6,0,0,0,0,0,0,0,0,0,0,0,0,0
Ivan Bašić,MF,ba,Bosnia–Herz,24,1.kz FC Astana,2002,3,2,179,2,0,1,1,0,0,0,0,0,0,0.5,0.5,0,0.5
Samed Baždar,FW,ba,Bosnia–Herz,22,1.de Gladbach,2004,1,0,29,0.3,0,0,0,0,0,0,0,0,0,0,0,0,0
Dženis Burnić,MF,ba,Bosnia–Herz,28,2.de Karlsruher,1998,2,0,16,0.2,0,0,0,0,0,0,0,0,0,0,0,0,0
Amar Dedić,DF,ba,Bosnia–Herz,23,1.pt Benfica,2002,3,3,270,3,0,0,0,0,0,0,1,0,0,0,0,0,0
Ermedin Demirović,FW,ba,Bosnia–Herz,28,1.de Stuttgart,1998,4,4,354,3.9,0,0,0,0,0,0,1,0,0,0,0,0,0
Edin Džeko,FW,ba,Bosnia–Herz,40,2.de Schalke 04,1986,3,3,176,2,0,0,0,0,0,0,1,0,0,0,0,0,0
Armin Gigovic,MF,ba,Bosnia–Herz,24,1.ch Young Boys,2002,2,1,79,0.9,0,0,0,0,0,0,0,0,0,0,0,0,0
Amir Hadžiahmetović,MF,ba,Bosnia–Herz,29,2.eng Hull City,1997,1,0,6,0.1,0,0,0,0,0,0,0,0,0,0,0,0,0
Dennis Hadžikadunić,DF,ba,Bosnia–Herz,27,2.it Sampdoria,1998,1,0,27,0.3,0,1,1,0,0,0,0,0,0,3.33,3.33,0,3.33
Nikola Katić,DF,ba,Bosnia–Herz,29,2.de Schalke 04,1996,4,4,317,3.5,0,0,0,0,0,0,1,0,0,0,0,0,0
Sead Kolašinac,DF,ba,Bosnia–Herz,32,1.it Atalanta,1993,4,4,337,3.7,0,1,1,0,0,0,0,0,0,0.27,0.27,0,0.27
Jovo Lukić,FW,ba,Bosnia–Herz,27,1.ro Univ. Cluj,1998,2,1,67,0.7,1,0,1,1,0,0,1,0,1.34,0,1.34,1.34,1.34
Ermin Mahmić,MF,ba,Bosnia–Herz,21,1.cz Slovan Liberec,2005,3,0,68,0.8,2,0,2,2,0,0,1,0,2.65,0,2.65,2.65,2.65
Arjan Malic,DF,ba,Bosnia–Herz,20,1.at Sturm Graz,2005,1,1,45,0.5,0,0,0,0,0,0,0,0,0,0,0,0,0
Amar Memić,MF,ba,Bosnia–Herz,25,1.cz Viktoria Plzeň,2001,4,2,224,2.5,0,0,0,0,0,0,0,0,0,0,0,0,0
Tarik Muharemovic,DF,ba,Bosnia–Herz,23,1.it Sassuolo,2003,3,3,259,2.9,0,0,0,0,0,0,0,1,0,0,0,0,0
Stjepan Radeljić,DF,ba,Bosnia–Herz,28,1.hr Rijeka,1997,2,2,180,2,0,0,0,0,0,0,1,0,0,0,0,0,0
Ivan Šunjić,MF,ba,Bosnia–Herz,29,1.cy Pafos FC,1996,4,3,196,2.2,0,0,0,0,0,0,0,0,0,0,0,0,0
Haris Tabaković,FW,ba,Bosnia–Herz,31,2.de Schalke 04,1994,1,0,16,0.2,0,0,0,0,0,0,0,0,0,0,0,0,0
Benjamin Tahirovic,MF,ba,Bosnia–Herz,23,1.dk Brøndby,2003,4,2,237,2.6,0,0,0,0,0,0,0,0,0,0,0,0,0
Nikola Vasilj,GK,ba,Bosnia–Herz,30,1.de St Pauli,1995,4,4,360,4,0,0,0,0,0,0,0,0,0,0,0,0,0
Timothy Castagne,DF,be,Belgium,30,1.eng Fulham,1995,6,5,478,5.3,0,1,1,0,0,0,1,0,0,0.19,0.19,0,0.19
Thibaut Courtois,GK,be,Belgium,34,1.es Real Madrid,1992,6,6,550,6.1,0,0,0,0,0,0,0,0,0,0,0,0,0
Kevin De Bruyne,MF,be,Belgium,34,1.it Napoli,1991,5,5,382,4.2,1,0,1,1,0,0,1,0,0.24,0,0.24,0.24,0.24
Maxim De Cuyper,DF,be,Belgium,25,1.eng Brighton,2000,6,5,442,4.9,0,0,0,0,0,0,1,0,0,0,0,0,0
Charles De Ketelaere,FWMF,be,Belgium,25,1.it Atalanta,2001,5,5,350,3.9,3,1,4,3,0,0,0,0,0.77,0.26,1.03,0.77,1.03
Jeremy Doku,MF,be,Belgium,24,1.eng Manchester City,2002,5,4,309,3.4,0,0,0,0,0,0,0,0,0,0,0,0,0
Matias Fernandez-Pardo,FWMF,be,Belgium,21,1.fr Lille,2005,3,0,44,0.5,0,0,0,0,0,0,0,0,0,0,0,0,0
Senne Lammens,GK,be,Belgium,23,1.eng Manchester Utd,2002,1,0,20,0.2,0,0,0,0,0,0,0,0,0,0,0,0,0
Romelu Lukaku,FW,be,Belgium,33,1.it Napoli,1993,6,1,233,2.6,3,1,4,3,0,0,1,0,1.16,0.39,1.55,1.16,1.55
Dodi Lukebakio,MF,be,Belgium,28,1.pt Benfica,1997,3,1,164,1.8,0,0,0,0,0,0,0,0,0,0,0,0,0
Brandon Mechele,DF,be,Belgium,33,1.be Club Brugge,1993,6,6,570,6.3,0,0,0,0,0,0,1,0,0,0,0,0,0
Thomas Meunier,DF,be,Belgium,34,1.fr Lille,1991,3,2,190,2.1,0,1,1,0,0,0,0,0,0,0.47,0.47,0,0.47
Diego Moreira,MF,be,Belgium,21,1.fr Strasbourg,2004,1,0,58,0.6,0,0,0,0,0,0,0,0,0,0,0,0,0
Nathan Ngoy,DF,be,Belgium,23,1.fr Lille,2003,4,4,335,3.7,0,0,0,0,0,0,0,1,0,0,0,0,0
Amadou Onana,MF,be,Belgium,24,1.eng Aston Villa,2001,4,2,106,1.2,0,0,0,0,0,0,0,0,0,0,0,0,0
Nicolas Raskin,MF,be,Belgium,25,1.sct Rangers,2001,6,3,341,3.8,0,2,2,0,0,0,0,0,0,0.53,0.53,0,0.53
Alexis Saelemaekers,MF,be,Belgium,26,1.it Milan,1999,4,1,83,0.9,1,0,1,1,0,0,0,0,1.08,0,1.08,1.08,1.08
Joaquin Seys,DF,be,Belgium,21,1.be Club Brugge,2005,1,0,30,0.3,0,0,0,0,0,0,0,0,0,0,0,0,0
Arthur Theate,DF,be,Belgium,26,1.de Frankfurt,2000,3,2,228,2.5,0,0,0,0,0,0,0,0,0,0,0,0,0
Youri Tielemans,MF,be,Belgium,29,1.eng Aston Villa,1997,5,5,474,5.3,2,0,2,1,1,1,0,0,0.38,0,0.38,0.19,0.19
Leandro Trossard,MFFW,be,Belgium,31,1.eng Arsenal,1994,6,6,506,5.6,2,2,4,2,0,0,0,0,0.36,0.36,0.71,0.36,0.71
Hans Vanaken,MF,be,Belgium,33,1.be Club Brugge,1992,6,3,319,3.5,1,2,3,1,0,0,0,0,0.28,0.56,0.85,0.28,0.85
Axel Witsel,DFMF,be,Belgium,37,1.es Girona,1989,2,0,33,0.4,0,0,0,0,0,0,1,0,0,0,0,0,0
Alisson,GK,br,Brazil,33,1.eng Liverpool,1992,5,5,450,5,0,0,0,0,0,0,0,0,0,0,0,0,0
Casemiro,MF,br,Brazil,34,1.eng Manchester Utd,1992,5,5,379,4.2,1,0,1,1,0,0,2,0,0.24,0,0.24,0.24,0.24
Matheus Cunha,FW,br,Brazil,27,1.eng Manchester Utd,1999,5,4,290,3.2,3,0,3,3,0,0,0,0,0.93,0,0.93,0.93,0.93
Danilo,DF,br,Brazil,34,1.br Flamengo,1991,5,4,405,4.5,0,0,0,0,0,0,2,0,0,0,0,0,0
Endrick,FW,br,Brazil,19,1.fr Lyon,2006,4,0,114,1.3,0,0,0,0,0,0,0,0,0,0,0,0,0
Fabinho,DFMF,br,Brazil,32,1.sa Al-Ittihad,1993,3,0,71,0.8,0,0,0,0,0,0,1,0,0,0,0,0,0
Bruno Guimarães,MF,br,Brazil,28,1.eng Newcastle,1997,5,5,416,4.6,0,4,4,0,0,1,0,0,0,0.87,0.87,0,0.87
Luiz Henrique,FWMF,br,Brazil,25,1.ru Zenit,2001,1,0,29,0.3,0,0,0,0,0,0,0,0,0,0,0,0,0
Roger Ibanez,DF,br,Brazil,27,1.sa Al-Ahli,1998,1,1,45,0.5,0,0,0,0,0,0,1,0,0,0,0,0,0
Vinicius Júnior,FW,br,Brazil,25,1.es Real Madrid,2000,5,5,440,4.9,4,1,5,4,0,0,0,0,0.82,0.2,1.02,0.82,1.02
Gabriel Magalhães,DF,br,Brazil,28,1.eng Arsenal,1997,5,5,450,5,0,1,1,0,0,0,0,0,0,0.2,0.2,0,0.2
Marquinhos,DF,br,Brazil,32,1.fr Paris SG,1994,5,5,450,5,0,0,0,0,0,0,0,0,0,0,0,0,0
Gabriel Martinelli,MF,br,Brazil,24,1.eng Arsenal,2001,4,1,143,1.6,1,0,1,1,0,0,0,0,0.63,0,0.63,0.63,0.63
Neymar,FWMF,br,Brazil,34,1.br Santos,1992,2,0,39,0.4,1,0,1,0,1,1,1,0,2.31,0,2.31,0,0
Lucas Paquetá,MF,br,Brazil,28,1.br Flamengo,1997,4,4,233,2.6,0,1,1,0,0,0,0,0,0,0.39,0.39,0,0.39
Raphinha,MFFW,br,Brazil,29,1.es Barcelona,1996,2,2,129,1.4,0,0,0,0,0,0,0,0,0,0,0,0,0
Rayan,FWMF,br,Brazil,19,1.eng Bournemouth,2006,4,3,288,3.2,0,1,1,0,0,0,0,0,0,0.31,0.31,0,0.31
Alex Sandro,DFMF,br,Brazil,35,1.br Flamengo,1991,1,0,9,0.1,0,0,0,0,0,0,0,0,0,0,0,0,0
Danilo Santos,MF,br,Brazil,25,1.br Botafogo–RJ,2001,4,0,46,0.5,0,0,0,0,0,0,0,0,0,0,0,0,0
Douglas Santos,DF,br,Brazil,32,1.ru Zenit,1994,5,5,441,4.9,0,0,0,0,0,0,1,0,0,0,0,0,0
Éderson Silva,MF,br,Brazil,26,1.it Atalanta,1999,2,0,22,0.2,0,0,0,0,0,0,0,0,0,0,0,0,0
Igor Thiago,FW,br,Brazil,24,1.eng Brentford,2001,1,1,61,0.7,0,0,0,0,0,0,0,0,0,0,0,0,0
Ali Ahmed,MF,ca,Canada,25,2.eng Norwich City,2000,4,3,234,2.6,0,0,0,0,0,0,0,0,0,0,0,0,0
Moïse Bombito,DF,ca,Canada,26,1.fr Nice,2000,3,2,193,2.1,0,0,0,0,0,0,0,0,0,0,0,0,0
Tajon Buchanan,MF,ca,Canada,27,1.es Villarreal,1999,5,5,376,4.2,0,0,0,0,0,0,0,0,0,0,0,0,0
Mathieu Choinière,MF,ca,Canada,27,1.us LAFC,1999,1,1,57,0.6,0,0,0,0,0,0,0,0,0,0,0,0,0
Derek Cornelius,DF,ca,Canada,28,1.fr Marseille,1997,4,4,315,3.5,0,0,0,0,0,0,1,0,0,0,0,0,0
Maxime Crépeau,GK,ca,Canada,32,1.us Orlando City,1994,5,5,450,5,0,0,0,0,0,0,0,0,0,0,0,0,0
Jonathan David,FW,ca,Canada,26,1.it Juventus,2000,5,5,420,4.7,3,0,3,3,0,0,1,0,0.64,0,0.64,0.64,0.64
Promise David,FW,ca,Canada,24,1.be Union SG,2001,4,0,80,0.9,1,1,2,1,0,0,0,0,1.13,1.13,2.25,1.13,2.25
Alphonso Davies,DFFW,ca,Canada,25,1.de Bayern Munich,2000,1,0,16,0.2,0,0,0,0,0,0,0,0,0,0,0,0,0
Luc De Fougerolles,DF,ca,Canada,20,1.eng Fulham,2005,5,4,372,4.1,0,0,0,0,0,0,2,0,0,0,0,0,0
Stephen Eustáquio,MF,ca,Canada,29,1.pt Porto,1996,5,4,392,4.4,1,0,1,1,0,0,0,0,0.23,0,0.23,0.23,0.23
Alistair Johnston,DF,ca,Canada,27,1.sct Celtic,1998,5,5,450,5,0,0,0,0,0,0,1,0,0,0,0,0,0
Ismaël Koné,MF,ca,Canada,23,1.it Sassuolo,2002,2,2,146,1.6,0,0,0,0,0,0,0,0,0,0,0,0,0
Cyle Larin,FW,ca,Canada,31,1.es Mallorca,1995,4,2,190,2.1,2,0,2,2,0,0,2,0,0.95,0,0.95,0.95,0.95
Richie Laryea,DF,ca,Canada,31,1.us Toronto FC,1995,5,5,429,4.8,0,0,0,0,0,0,1,0,0,0,0,0,0
Liam Millar,MF,ca,Canada,26,2.eng Hull City,1999,3,2,162,1.8,0,0,0,0,0,0,1,0,0,0,0,0,0
Jayden Nelson,FWMF,ca,Canada,23,1.us Austin FC,2002,1,0,4,0,0,0,0,0,0,0,0,0,0,0,0,0,0
Tani Oluwaseyi,FW,ca,Canada,26,1.es Villarreal,2000,5,3,259,2.9,0,0,0,0,0,0,0,0,0,0,0,0,0
Jonathan Osorio,MF,ca,Canada,34,1.us Toronto FC,1992,2,0,5,0.1,0,0,0,0,0,0,0,0,0,0,0,0,0
Nathan Saliba,MF,ca,Canada,22,1.be Anderlecht,2004,3,2,182,2,1,2,3,1,0,0,1,0,0.49,0.99,1.48,0.49,1.48
Jacob Shaffelburg,MF,ca,Canada,26,1.us LAFC,1999,5,0,92,1,0,0,0,0,0,0,0,0,0,0,0,0,0
Niko Sigur,MF,ca,Canada,22,1.hr Hajduk Split,2003,3,1,126,1.4,0,0,0,0,0,0,1,0,0,0,0,0,0
Cédric Bakambu,FW,cd,Congo DR,35,1.es Real Betis,1991,3,3,190,2.1,0,0,0,0,0,0,0,0,0,0,0,0,0
Simon Banza,FWMF,cd,Congo DR,29,1.ae Al Jazira Club,1996,2,0,40,0.4,0,0,0,0,0,0,0,0,0,0,0,0,0
Theo Bongonda,FWMF,cd,Congo DR,30,1.ru Spartak Moscow,1995,2,0,34,0.4,0,0,0,0,0,0,0,0,0,0,0,0,0
Brian Cipenga,MFFW,cd,Congo DR,28,2.es Castellón,1998,2,2,146,1.6,1,0,1,1,0,0,0,0,0.62,0,0.62,0.62,0.62
Meschak Elia,FWMF,cd,Congo DR,28,1.tr Alanyaspor,1997,2,0,46,0.5,0,1,1,0,0,0,0,0,0,1.96,1.96,0,1.96
Gédéon Kalulu,DF,cd,Congo DR,28,1.cy Aris Limassol,1997,1,0,6,0.1,0,0,0,0,0,0,0,0,0,0,0,0,0
Steve Kapuadi,DF,cd,Congo DR,28,1.pl Widzew Łódź,1998,2,2,180,2,0,0,0,0,0,0,0,0,0,0,0,0,0
Edo Kayembe,MF,cd,Congo DR,28,2.eng Watford,1998,3,2,160,1.8,0,0,0,0,0,0,0,0,0,0,0,0,0
Joris Kayembe,DFFW,cd,Congo DR,31,1.be Genk,1994,4,0,45,0.5,0,0,0,0,0,0,0,0,0,0,0,0,0
Arthur Masuaku,DF,cd,Congo DR,32,1.fr Lens,1993,4,4,315,3.5,0,1,1,0,0,0,0,0,0,0.29,0.29,0,0.29
Fiston Mayele,FW,cd,Congo DR,31,1.eg Pyramids FC,1994,2,0,42,0.5,1,0,1,1,0,0,0,0,2.14,0,2.14,2.14,2.14
Chancel Mbemba,DF,cd,Congo DR,31,1.fr Lille,1994,4,4,360,4,0,1,1,0,0,0,1,0,0,0.25,0.25,0,0.25
Nathanaël Mbuku,MFFW,cd,Congo DR,24,2.fr Montpellier,2002,3,2,143,1.6,0,0,0,0,0,0,1,0,0,0,0,0,0
Samuel Moutoussamy,MF,cd,Congo DR,29,1.gr Atromitos,1996,4,4,330,3.7,0,0,0,0,0,0,1,0,0,0,0,0,0
Lionel Mpasi,GK,cd,Congo DR,31,1.fr Le Havre,1994,4,4,360,4,0,0,0,0,0,0,0,0,0,0,0,0,0
Ngal'Ayel Mukau,MF,cd,Congo DR,21,1.fr Lille,2004,4,3,195,2.2,0,0,0,0,0,0,0,0,0,0,0,0,0
Charles Pickel,DFMF,cd,Congo DR,29,1.es Espanyol,1997,2,0,35,0.4,0,0,0,0,0,0,1,0,0,0,0,0,0
Noah Sadiki,MF,cd,Congo DR,21,1.eng Sunderland,2004,4,2,259,2.9,0,0,0,0,0,0,2,0,0,0,0,0,0
Axel Tuanzebe,DF,cd,Congo DR,28,1.eng Burnley,1997,4,4,360,4,0,0,0,0,0,0,0,0,0,0,0,0,0
Aaron Wan-Bissaka,DF,cd,Congo DR,28,1.eng West Ham,1997,4,4,354,3.9,0,0,0,0,0,0,0,0,0,0,0,0,0
Yoane Wissa,FW,cd,Congo DR,29,1.eng Newcastle,1996,4,4,360,4,3,0,3,2,1,1,0,0,0.75,0,0.75,0.5,0.5
Michel Aebischer,MFFW,ch,Switzerland,29,1.it Pisa,1997,4,2,156,1.7,0,0,0,0,0,0,0,0,0,0,0,0,0
Manuel Akanji,DF,ch,Switzerland,30,1.it Inter,1995,6,6,600,6.7,0,0,0,0,0,0,0,0,0,0,0,0,0
Zeki Amdouni,FWMF,ch,Switzerland,25,1.eng Burnley,2000,4,0,73,0.8,0,0,0,0,0,0,0,0,0,0,0,0,0
Eray Cömert,DF,ch,Switzerland,28,1.es Valencia,1998,1,0,31,0.3,0,0,0,0,0,0,0,0,0,0,0,0,0
Nico Elvedi,DF,ch,Switzerland,29,1.de Gladbach,1996,6,6,600,6.7,0,0,0,0,0,0,1,0,0,0,0,0,0
Breel Embolo,FW,ch,Switzerland,29,1.fr Rennes,1997,6,6,501,5.6,2,2,4,1,1,1,2,1,0.36,0.36,0.72,0.18,0.54
Christian Fassnacht,FWMF,ch,Switzerland,32,1.ch Young Boys,1993,1,0,6,0.1,0,0,0,0,0,0,0,0,0,0,0,0,0
Remo Freuler,MF,ch,Switzerland,34,1.it Bologna,1992,6,6,592,6.6,0,0,0,0,0,0,0,0,0,0,0,0,0
Cedric Itten,FWMF,ch,Switzerland,29,2.de Düsseldorf,1996,3,0,42,0.5,0,0,0,0,0,0,0,0,0,0,0,0,0
Luca Jaquez,DF,ch,Switzerland,23,1.de Stuttgart,2003,2,1,78,0.9,0,0,0,0,0,0,0,0,0,0,0,0,0
Ardon Jashari,MF,ch,Switzerland,23,1.it Milan,2002,3,1,72,0.8,0,0,0,0,0,0,0,0,0,0,0,0,0
Gregor Kobel,GK,ch,Switzerland,28,1.de Dortmund,1997,6,6,600,6.7,0,0,0,0,0,0,0,0,0,0,0,0,0
Johan Manzambi,MFFW,ch,Switzerland,20,1.de Freiburg,2005,4,2,199,2.2,3,2,5,3,0,0,0,0,1.36,0.9,2.26,1.36,2.26
Miro Muheim,DFMF,ch,Switzerland,28,1.de Hamburger SV,1998,3,0,87,1,0,0,0,0,0,0,1,0,0,0,0,0,0
Dan Ndoye,MFFW,ch,Switzerland,25,1.eng Nottingham,2000,6,5,406,4.5,2,0,2,2,0,0,0,0,0.44,0,0.44,0.44,0.44
Noah Okafor,FWMF,ch,Switzerland,26,1.eng Leeds United,2000,1,0,20,0.2,0,0,0,0,0,0,0,0,0,0,0,0,0
Fabian Rieder,MFFW,ch,Switzerland,24,1.de Augsburg,2002,5,3,302,3.4,0,0,0,0,0,0,0,0,0,0,0,0,0
Ricardo Rodríguez,DF,ch,Switzerland,33,1.es Real Betis,1992,6,6,517,5.7,0,1,1,0,0,0,0,0,0,0.17,0.17,0,0.17
Djibril Sow,MF,ch,Switzerland,29,1.es Sevilla,1997,4,2,253,2.8,0,0,0,0,0,0,0,0,0,0,0,0,0
Ruben Vargas,MF,ch,Switzerland,27,1.es Sevilla,1998,6,3,284,3.2,2,1,3,2,0,0,0,0,0.63,0.32,0.95,0.63,0.95
Silvan Widmer,DF,ch,Switzerland,33,1.de Mainz 05,1993,5,1,175,1.9,0,0,0,0,0,0,0,0,0,0,0,0,0
Granit Xhaka,MF,ch,Switzerland,33,1.eng Sunderland,1992,6,6,600,6.7,1,0,1,0,1,1,2,0,0.15,0,0.15,0,0
Denis Zakaria,DF,ch,Switzerland,29,1.fr Monaco,1996,4,4,357,4,0,0,0,0,0,0,2,0,0,0,0,0,0
Simon Adingra,FWMF,ci,Côte d'Ivoire,24,1.fr Monaco,2002,1,0,16,0.2,0,0,0,0,0,0,0,0,0,0,0,0,0
Emmanuel Agbadou,DF,ci,Côte d'Ivoire,28,1.tr Beşiktaş,1997,3,3,270,3,0,0,0,0,0,0,0,0,0,0,0,0,0
Ange-Yoan Bonny,FW,ci,Côte d'Ivoire,22,1.it Inter,2003,4,3,234,2.6,0,0,0,0,0,0,0,0,0,0,0,0,0
Oumar Diakité,FW,ci,Côte d'Ivoire,22,1.be Cercle Brugge,2003,2,0,28,0.3,0,0,0,0,0,0,0,0,0,0,0,0,0
Amad Diallo,MFFW,ci,Côte d'Ivoire,23,1.eng Manchester Utd,2002,4,2,185,2.1,2,0,2,2,0,0,0,0,0.97,0,0.97,0.97,0.97
Ousmane Diomande,DF,ci,Côte d'Ivoire,22,1.pt Sporting CP,2003,1,1,90,1,0,0,0,0,0,0,0,0,0,0,0,0,0
Yan Diomandé,MFFW,ci,Côte d'Ivoire,19,1.de RB Leipzig,2006,4,4,329,3.7,0,1,1,0,0,0,0,0,0,0.27,0.27,0,0.27
Guéla Doué,DF,ci,Côte d'Ivoire,23,1.fr Strasbourg,2002,4,3,277,3.1,0,0,0,0,0,0,1,0,0,0,0,0,0
Seko Fofana,MF,ci,Côte d'Ivoire,31,1.pt Porto,1995,2,1,92,1,0,0,0,0,0,0,1,0,0,0,0,0,0
Yahia Fofana,GK,ci,Côte d'Ivoire,25,1.tr Rizespor,2000,4,4,360,4,0,0,0,0,0,0,0,0,0,0,0,0,0
Evann Guessand,FWMF,ci,Côte d'Ivoire,24,1.eng Crystal Palace,2001,2,0,17,0.2,0,0,0,0,0,0,0,0,0,0,0,0,0
Christ Inao Oulaï,MF,ci,Côte d'Ivoire,20,1.tr Trabzonspor,2006,4,2,208,2.3,0,0,0,0,0,0,0,0,0,0,0,0,0
Franck Kessié,MF,ci,Côte d'Ivoire,29,1.sa Al-Ahli,1996,4,4,346,3.8,1,0,1,1,0,0,1,0,0.26,0,0.26,0.26,0.26
Ghislain Konan,DF,ci,Côte d'Ivoire,30,1.pt Gil Vicente FC,1995,3,3,269,3,0,0,0,0,0,0,0,0,0,0,0,0,0
Odilon Kossounou,DF,ci,Côte d'Ivoire,25,1.it Atalanta,2001,4,3,272,3,0,0,0,0,0,0,0,0,0,0,0,0,0
Christopher Opéri,DF,ci,Côte d'Ivoire,29,1.tr Başakşehir,1997,1,1,90,1,0,0,0,0,0,0,0,0,0,0,0,0,0
Nicolas Pépé,FW,ci,Côte d'Ivoire,31,1.es Villarreal,1995,4,3,234,2.6,2,1,3,2,0,0,1,0,0.77,0.38,1.15,0.77,1.15
Ibrahim Sangaré,MF,ci,Côte d'Ivoire,28,1.eng Nottingham,1997,4,3,268,3,0,1,1,0,0,0,0,0,0,0.34,0.34,0,0.34
Jean Seri,MF,ci,Côte d'Ivoire,34,1.si NK Maribor,1991,1,0,14,0.2,0,0,0,0,0,0,0,0,0,0,0,0,0
Wilfried Singo,DF,ci,Côte d'Ivoire,25,1.tr Galatasaray,2000,2,2,171,1.9,0,1,1,0,0,0,0,0,0,0.53,0.53,0,0.53
Bazoumana Touré,MF,ci,Côte d'Ivoire,20,1.de Hoffenheim,2006,3,1,80,0.9,0,0,0,0,0,0,0,0,0,0,0,0,0
Elye Wahi,FW,ci,Côte d'Ivoire,23,1.fr Nice,2003,3,1,110,1.2,0,0,0,0,0,0,0,0,0,0,0,0,0
Jhon Arias,MF,co,Colombia,28,1.br Palmeiras,1997,5,5,377,4.2,1,0,1,1,0,0,1,0,0.24,0,0.24,0.24,0.24
Santiago Arias,DF,co,Colombia,34,1.ar Independiente,1992,1,1,86,1,0,0,0,0,0,0,0,0,0,0,0,0,0
Jaminton Campaz,FWMF,co,Colombia,26,1.ar Rosario Central,2000,3,0,75,0.8,1,0,1,1,0,0,0,0,1.2,0,1.2,1.2,1.2
Kevin Castaño,MF,co,Colombia,25,1.ar River Plate,2000,2,0,16,0.2,0,0,0,0,0,0,0,0,0,0,0,0,0
Jhon Córdoba,FW,co,Colombia,33,1.ru Krasnodar,1993,3,2,99,1.1,0,0,0,0,0,0,0,0,0,0,0,0,0
Cucho,FWMF,co,Colombia,27,1.es Real Betis,1999,2,0,50,0.6,0,1,1,0,0,0,0,0,0,1.8,1.8,0,1.8
Luis Díaz,FWMF,co,Colombia,29,1.de Bayern Munich,1997,5,5,478,5.3,1,1,2,1,0,0,0,0,0.19,0.19,0.38,0.19,0.38
Andrés Gómez,MF,co,Colombia,23,1.br Vasco da Gama,2002,1,0,1,0,0,0,0,0,0,0,0,0,0,0,0,0,0
Jefferson Lerma,MF,co,Colombia,31,1.eng Crystal Palace,1994,5,5,410,4.6,0,0,0,0,0,0,1,0,0,0,0,0,0
Jhon Lucumí,DF,co,Colombia,27,1.it Bologna,1998,5,5,478,5.3,0,0,0,0,0,0,1,0,0,0,0,0,0
Deiver Machado,DF,co,Colombia,32,1.fr Nantes,1993,1,1,90,1,0,0,0,0,0,0,0,0,0,0,0,0,0
Yerry Mina,DF,co,Colombia,31,1.it Cagliari,1994,1,0,2,0,0,0,0,0,0,0,0,0,0,0,0,0,0
Johan Mojica,DF,co,Colombia,33,1.es Mallorca,1992,4,4,390,4.3,0,0,0,0,0,0,1,0,0,0,0,0,0
Daniel Muñoz,DF,co,Colombia,30,1.eng Crystal Palace,1996,5,4,394,4.4,2,0,2,2,0,0,0,0,0.46,0,0.46,0.46,0.46
Gustavo Puerta,MF,co,Colombia,22,2.es Racing Sant,2003,5,5,469,5.2,0,1,1,0,0,0,1,0,0,0.19,0.19,0,0.19
Juan Quintero,FWMF,co,Colombia,33,1.ar River Plate,1993,4,0,121,1.3,0,1,1,0,0,0,0,0,0,0.74,0.74,0,0.74
Richard Ríos,MF,co,Colombia,26,1.pt Benfica,2000,5,0,140,1.6,0,0,0,0,0,0,1,0,0,0,0,0,0
James Rodríguez,FWMF,co,Colombia,34,1.us Minnesota Utd,1991,5,5,313,3.5,0,0,0,0,0,0,0,0,0,0,0,0,0
Davinson Sánchez,DF,co,Colombia,30,1.tr Galatasaray,1996,5,5,480,5.3,0,0,0,0,0,0,1,0,0,0,0,0,0
Luis Suárez,FW,co,Colombia,28,1.pt Sporting CP,1997,5,3,331,3.7,0,1,1,0,0,0,1,0,0,0.27,0.27,0,0.27
Camilo Vargas,GK,co,Colombia,37,1.mx Atlas,1989,5,5,480,5.3,0,0,0,0,0,0,0,0,0,0,0,0,0
Telmo Arcanjo,MF,cv,Cabo Verde,24,1.pt Vit. Guimarães,2001,2,1,57,0.6,0,0,0,0,0,0,0,0,0,0,0,0,0
Gilson Benchimol,FW,cv,Cabo Verde,24,1.ru Akron Tolyatti,2001,2,1,78,0.9,0,0,0,0,0,0,0,0,0,0,0,0,0
Jovane Cabral,FW,cv,Cabo Verde,28,1.pt Estrela,1998,2,2,139,1.5,0,0,0,0,0,0,0,0,0,0,0,0,0
Nuno da Costa,FW,cv,Cabo Verde,35,1.tr Başakşehir,1991,4,1,159,1.8,0,0,0,0,0,0,0,0,0,0,0,0,0
Diney,DF,cv,Cabo Verde,31,1.ae Al Bataeh,1995,4,4,390,4.3,0,0,0,0,0,0,1,0,0,0,0,0,0
Deroy Duarte,MF,cv,Cabo Verde,26,1.bg Ludogorets,1999,4,2,264,2.9,1,0,1,1,0,0,0,0,0.34,0,0.34,0.34,0.34
Laros Duarte,MF,cv,Cabo Verde,29,1.hu Puskás Akad.,1997,4,2,166,1.8,0,0,0,0,0,0,0,0,0,0,0,0,0
Dailon Livramento,FW,cv,Cabo Verde,25,1.pt Casa Pia,2001,3,2,174,1.9,0,0,0,0,0,0,0,0,0,0,0,0,0
Sidny Lopes Cabral,DF,cv,Cabo Verde,23,1.pt Benfica,2002,3,3,285,3.2,1,0,1,1,0,0,2,0,0.32,0,0.32,0.32,0.32
Ryan Mendes,FWMF,cv,Cabo Verde,36,2.tr 76 Iğdır Belediyespor,1990,4,4,330,3.7,0,1,1,0,0,0,0,0,0,0.27,0.27,0,0.27
Jamiro Monteiro,MF,cv,Cabo Verde,32,1.nl Zwolle,1993,4,3,281,3.1,0,0,0,0,0,0,0,0,0,0,0,0,0
Steven Moreira,DF,cv,Cabo Verde,31,1.us Columbus Crew,1994,4,3,301,3.3,0,0,0,0,0,0,0,0,0,0,0,0,0
João Paulo Fernandes,DF,cv,Cabo Verde,28,1.ro FCSB,1998,2,1,105,1.2,0,0,0,0,0,0,0,0,0,0,0,0,0
Pico,DF,cv,Cabo Verde,33,1.ie Shamrock,1992,4,4,390,4.3,0,0,0,0,0,0,0,0,0,0,0,0,0
Kevin Pina,MF,cv,Cabo Verde,29,1.ru Krasnodar,1997,4,4,349,3.9,1,0,1,1,0,0,1,0,0.26,0,0.26,0.26,0.26
Wagner Pina,DF,cv,Cabo Verde,23,1.tr Trabzonspor,2002,1,1,89,1,0,0,0,0,0,0,1,0,0,0,0,0,0
Garry Rodrigues,MF,cv,Cabo Verde,35,1.cy Apollon Limassol,1990,2,1,76,0.8,0,0,0,0,0,0,0,0,0,0,0,0,0
Willy Semedo,FW,cv,Cabo Verde,32,1.cy AC Omonia,1994,3,1,131,1.5,0,0,0,0,0,0,0,0,0,0,0,0,0
Hélio Varela,FW,cv,Cabo Verde,24,1.il Maccabi Tel Aviv,2002,3,0,104,1.2,1,0,1,1,0,0,0,0,0.87,0,0.87,0.87,0.87
Vozinha,GK,cv,Cabo Verde,40,2.pt Chaves,1986,4,4,390,4.3,0,0,0,0,0,0,0,0,0,0,0,0,0
Yannick,MF,cv,Cabo Verde,30,2.pt Farense,1995,2,0,32,0.4,0,1,1,0,0,0,0,0,0,2.81,2.81,0,2.81
Jeremy Antonisse,FWMF,cw,Curaçao,24,1.gr AE Kifisia,2002,2,0,75,0.8,0,0,0,0,0,0,0,0,0,0,0,0,0
Juninho Bacuna,MF,cw,Curaçao,28,1.nl Volendam,1997,3,3,254,2.8,0,0,0,0,0,0,2,0,0,0,0,0,0
Leandro Bacuna,MF,cw,Curaçao,34,2.tr 76 Iğdır Belediyespor,1991,3,3,270,3,0,0,0,0,0,0,1,0,0,0,0,0,0
Riechedly Bazoer,DF,cw,Curaçao,29,1.tr Konyaspor,1996,1,1,90,1,0,0,0,0,0,0,0,0,0,0,0,0,0
Joshua Brenet,DF,cw,Curaçao,32,1.tr Kayserispor,1994,2,2,179,2,0,0,0,0,0,0,0,0,0,0,0,0,0
Tahith Chong,MF,cw,Curaçao,26,2.eng Sheffield United,1999,3,3,247,2.7,0,0,0,0,0,0,0,0,0,0,0,0,0
Livano Comenencia,MF,cw,Curaçao,22,1.ch Zürich,2004,3,3,233,2.6,1,0,1,1,0,0,1,0,0.39,0,0.39,0.39,0.39
Roshon van Eijma,DF,cw,Curaçao,28,2.nl RKC Waalwijk,1998,1,0,15,0.2,0,0,0,0,0,0,0,0,0,0,0,0,0
Sherel Floranus,DF,cw,Curaçao,27,1.nl Zwolle,1998,3,3,270,3,0,0,0,0,0,0,0,0,0,0,0,0,0
Deveron Fonville,DF,cw,Curaçao,23,1.nl NEC Nijmegen,2003,3,3,241,2.7,0,0,0,0,0,0,0,0,0,0,0,0,0
Juriën Gaari,DF,cw,Curaçao,32,2.sa Abha,1993,2,2,166,1.8,0,0,0,0,0,0,1,0,0,0,0,0,0
Kenji Gorré,FWMF,cw,Curaçao,31,1.il Maccabi Haifa,1994,1,0,16,0.2,0,0,0,0,0,0,0,0,0,0,0,0,0
Sontje Hansen,FW,cw,Curaçao,24,2.eng Middlesbrough,2002,1,1,45,0.5,0,0,0,0,0,0,0,0,0,0,0,0,0
Gervane Kastaneer,FWMF,cw,Curaçao,30,1.my Terengganu City,1996,3,0,30,0.3,0,0,0,0,0,0,2,0,0,0,0,0,0
Brandley Kuwas,FWMF,cw,Curaçao,33,1.nl Volendam,1992,1,0,1,0,0,0,0,0,0,0,0,0,0,0,0,0,0
Jürgen Locadia,FW,cw,Curaçao,32,2.us Miami FC,1993,3,3,235,2.6,0,0,0,0,0,0,0,0,0,0,0,0,0
Jearl Margaritha,FWMF,cw,Curaçao,26,2.be Beveren,2000,2,0,41,0.5,0,0,0,0,0,0,0,0,0,0,0,0,0
Tyrese Noslin,MF,cw,Curaçao,23,1.nl Telstar,2002,1,0,14,0.2,0,0,0,0,0,0,0,0,0,0,0,0,0
Armando Obispo,DF,cw,Curaçao,27,1.nl PSV,1999,3,3,270,3,0,0,0,0,0,0,0,0,0,0,0,0,0
Godfried Roemeratoe,MF,cw,Curaçao,26,2.nl RKC Waalwijk,1999,1,0,7,0.1,0,0,0,0,0,0,0,0,0,0,0,0,0
Eloy Room,GK,cw,Curaçao,37,2.us Miami FC,1989,3,3,270,3,0,0,0,0,0,0,0,0,0,0,0,0,0
Shurandy Sambo,DF,cw,Curaçao,24,1.nl Sparta R.,2001,1,0,1,0,0,0,0,0,0,0,0,0,0,0,0,0,0
Lukáš Červ,MF,cz,Czechia,25,1.cz Viktoria Plzeň,2001,2,2,163,1.8,0,0,0,0,0,0,0,0,0,0,0,0,0
Štěpán Chaloupek,DF,cz,Czechia,23,1.cz Slavia Prague,2003,1,1,90,1,0,0,0,0,0,0,0,0,0,0,0,0,0
Tomáš Chorý,FW,cz,Czechia,31,1.cz Slavia Prague,1995,2,0,31,0.3,0,0,0,0,0,0,0,0,0,0,0,0,0
Mojmír Chytil,FW,cz,Czechia,27,1.cz Slavia Prague,1999,1,0,7,0.1,0,0,0,0,0,0,0,0,0,0,0,0,0
Vladimír Coufal,MFDF,cz,Czechia,33,1.de Hoffenheim,1992,3,3,270,3,0,1,1,0,0,0,0,0,0,0.33,0.33,0,0.33
Vladimír Darida,MF,cz,Czechia,35,1.cz Hradec Králové,1990,1,1,54,0.6,0,0,0,0,0,0,0,0,0,0,0,0,0
David Douděra,MF,cz,Czechia,28,1.cz Slavia Prague,1998,1,1,90,1,0,0,0,0,0,0,0,0,0,0,0,0,0
Adam Hložek,FW,cz,Czechia,23,1.de Hoffenheim,2002,3,2,156,1.7,0,0,0,0,0,0,0,0,0,0,0,0,0
Tomáš Holeš,DF,cz,Czechia,33,1.cz Slavia Prague,1993,2,2,153,1.7,0,0,0,0,0,0,0,0,0,0,0,0,0
Robin Hranáč,DF,cz,Czechia,26,1.de Hoffenheim,2000,3,3,270,3,0,0,0,0,0,0,0,0,0,0,0,0,0
Matej Kovar,GK,cz,Czechia,26,1.nl PSV,2000,3,3,270,3,0,0,0,0,0,0,0,0,0,0,0,0,0
Ladislav Krejčí,DF,cz,Czechia,27,1.eng Wolves,1999,3,3,270,3,1,0,1,1,0,0,1,0,0.33,0,0.33,0.33,0.33
Lukáš Provod,FW,cz,Czechia,29,1.cz Slavia Prague,1996,3,1,122,1.4,0,0,0,0,0,0,0,0,0,0,0,0,0
Michal Sadílek,MF,cz,Czechia,27,1.cz Slavia Prague,1999,3,2,183,2,1,0,1,1,0,0,0,0,0.49,0,0.49,0.49,0.49
Patrik Schick,FW,cz,Czechia,30,1.de Leverkusen,1996,3,2,180,2,0,0,0,0,0,0,0,0,0,0,0,0,0
Alexandr Sojka,MFDF,cz,Czechia,23,1.cz Viktoria Plzeň,2003,3,2,141,1.6,0,1,1,0,0,0,0,0,0,0.64,0.64,0,0.64
Tomáš Souček,MF,cz,Czechia,31,1.eng West Ham,1995,3,1,137,1.5,0,0,0,0,0,0,0,0,0,0,0,0,0
Pavel Šulc,FW,cz,Czechia,25,1.fr Lyon,2000,3,2,189,2.1,0,0,0,0,0,0,0,0,0,0,0,0,0
Denis Višinský,FW,cz,Czechia,23,1.cz Viktoria Plzeň,2003,1,1,55,0.6,0,0,0,0,0,0,0,0,0,0,0,0,0
Jaroslav Zelený,MF,cz,Czechia,33,1.cz Sparta Prague,1992,2,1,126,1.4,0,0,0,0,0,0,0,0,0,0,0,0,0
David Zima,DF,cz,Czechia,25,1.cz Slavia Prague,2000,1,0,13,0.1,0,0,0,0,0,0,0,0,0,0,0,0,0
Nadiem Amiri,MF,de,Germany,29,1.de Mainz 05,1996,2,0,42,0.5,0,1,1,0,0,0,0,0,0,2.14,2.14,0,2.14
Waldemar Anton,DFMF,de,Germany,29,1.de Dortmund,1996,2,0,50,0.6,0,0,0,0,0,0,0,0,0,0,0,0,0
Maximilian Beier,FWMF,de,Germany,23,1.de Dortmund,2002,1,0,27,0.3,0,0,0,0,0,0,0,0,0,0,0,0,0
Nathaniel Brown,DF,de,Germany,22,1.de Frankfurt,2003,3,3,282,3.1,1,1,2,1,0,0,0,0,0.32,0.32,0.64,0.32,0.64
Leon Goretzka,MF,de,Germany,31,1.de Bayern Munich,1995,3,0,99,1.1,0,0,0,0,0,0,0,0,0,0,0,0,0
Pascal Groß,DFMF,de,Germany,34,1.eng Brighton,1991,1,0,18,0.2,0,0,0,0,0,0,0,0,0,0,0,0,0
Kai Havertz,FW,de,Germany,27,1.eng Arsenal,1999,4,4,353,3.9,3,0,3,2,1,1,1,0,0.76,0,0.76,0.51,0.51
Joshua Kimmich,DF,de,Germany,31,1.de Bayern Munich,1995,4,4,351,3.9,0,2,2,0,0,0,0,0,0,0.51,0.51,0,0.51
Jamie Leweling,FWMF,de,Germany,25,1.de Stuttgart,2001,1,0,31,0.3,0,0,0,0,0,0,0,0,0,0,0,0,0
Jamal Musiala,MF,de,Germany,23,1.de Bayern Munich,2003,4,3,270,3,1,0,1,1,0,0,1,0,0.33,0,0.33,0.33,0.33
Manuel Neuer,GK,de,Germany,40,1.de Bayern Munich,1986,4,4,390,4.3,0,0,0,0,0,0,0,0,0,0,0,0,0
Felix Nmecha,MF,de,Germany,25,1.de Dortmund,2000,4,4,270,3,1,1,2,1,0,0,0,0,0.33,0.33,0.67,0.33,0.67
Aleksandar Pavlovic,MF,de,Germany,22,1.de Bayern Munich,2004,4,4,272,3,0,0,0,0,0,0,1,0,0,0,0,0,0
David Raum,DF,de,Germany,28,1.de RB Leipzig,1998,2,1,108,1.2,0,0,0,0,0,0,0,0,0,0,0,0,0
Antonio Rüdiger,DF,de,Germany,33,1.es Real Madrid,1993,4,2,262,2.9,0,0,0,0,0,0,0,0,0,0,0,0,0
Leroy Sané,MF,de,Germany,30,1.tr Galatasaray,1996,4,4,326,3.6,1,0,1,1,0,0,0,0,0.28,0,0.28,0.28,0.28
Nico Schlotterbeck,DF,de,Germany,26,1.de Dortmund,1999,2,2,135,1.5,1,0,1,1,0,0,0,0,0.67,0,0.67,0.67,0.67
Angelo Stiller,MF,de,Germany,25,1.de Stuttgart,2001,1,0,45,0.5,0,0,0,0,0,0,0,0,0,0,0,0,0
Jonathan Tah,DF,de,Germany,30,1.de Bayern Munich,1996,4,4,372,4.1,0,0,0,0,0,0,0,0,0,0,0,0,0
Malick Thiaw,DFMF,de,Germany,24,1.eng Newcastle,2001,2,0,42,0.5,0,0,0,0,0,0,0,0,0,0,0,0,0
Deniz Undav,FW,de,Germany,29,1.de Stuttgart,1996,4,1,151,1.7,3,2,5,3,0,0,0,0,1.79,1.19,2.98,1.79,2.98
Florian Wirtz,MF,de,Germany,23,1.eng Liverpool,2003,4,4,361,4,0,3,3,0,0,0,0,0,0,0.75,0.75,0,0.75
Nick Woltemade,FWMF,de,Germany,24,1.eng Newcastle,2002,1,0,33,0.4,0,0,0,0,0,0,0,0,0,0,0,0,0
Rayan Aït-Nouri,DF,dz,Algeria,25,1.eng Manchester City,2001,4,3,284,3.2,0,0,0,0,0,0,0,0,0,0,0,0,0
Mohamed Amoura,FWMF,dz,Algeria,26,1.de Wolfsburg,2000,1,0,27,0.3,0,0,0,0,0,0,0,0,0,0,0,0,0
Houssem Aouar,MF,dz,Algeria,27,1.sa Al-Ittihad,1998,3,2,173,1.9,0,2,2,0,0,0,0,0,0,1.04,1.04,0,1.04
Zineddine Belaïd,DF,dz,Algeria,27,1.dz JS Kabylie,1999,2,0,25,0.3,0,0,0,0,0,0,0,0,0,0,0,0,0
Rafik Belghali,DF,dz,Algeria,24,1.it Hellas Verona,2002,4,4,331,3.7,1,0,1,1,0,0,0,0,0.27,0,0.27,0.27,0.27
Oussama Benbot,GK,dz,Algeria,31,1.dz USM Alger,1994,1,1,90,1,0,0,0,0,0,0,0,0,0,0,0,0,0
Nadhir Benbouali,FW,dz,Algeria,26,1.hu Győr,2000,1,0,45,0.5,1,0,1,1,0,0,0,0,2,0,2,2,2
Ramy Bensebaini,DF,dz,Algeria,31,1.de Dortmund,1995,4,4,360,4,0,0,0,0,0,0,0,0,0,0,0,0,0
Nabil Bentaleb,MF,dz,Algeria,31,1.fr Lille,1994,4,3,285,3.2,0,0,0,0,0,0,0,0,0,0,0,0,0
Hicham Boudaoui,MF,dz,Algeria,26,1.fr Nice,1999,3,2,128,1.4,0,0,0,0,0,0,1,0,0,0,0,0,0
Adil Boulbina,FW,dz,Algeria,23,1.qa Al Duhail SC,2003,2,0,19,0.2,0,0,0,0,0,0,0,0,0,0,0,0,0
Fares Chaïbi,MF,dz,Algeria,23,1.de Frankfurt,2002,4,4,360,4,0,0,0,0,0,0,1,0,0,0,0,0,0
Samir Chergui,DF,dz,Algeria,27,1.fr Paris FC,1999,1,0,20,0.2,0,0,0,0,0,0,0,0,0,0,0,0,0
Farés Ghedjemis,FWMF,dz,Algeria,23,2.it Frosinone,2002,1,0,1,0,0,0,0,0,0,0,0,0,0,0,0,0,0
Amine Gouiri,FW,dz,Algeria,26,1.fr Marseille,2000,4,3,251,2.8,1,0,1,1,0,0,0,0,0.36,0,0.36,0.36,0.36
Anis Hadj Moussa,MF,dz,Algeria,24,1.nl Feyenoord,2002,3,1,98,1.1,0,0,0,0,0,0,0,0,0,0,0,0,0
Jaouen Hadjam,DF,dz,Algeria,23,1.ch Young Boys,2003,3,1,109,1.2,0,0,0,0,0,0,0,0,0,0,0,0,0
Riyad Mahrez,MF,dz,Algeria,35,1.sa Al-Ahli,1991,4,3,262,2.9,2,1,3,2,0,0,0,0,0.69,0.34,1.03,0.69,1.03
Aïssa Mandi,DF,dz,Algeria,34,1.fr Lille,1991,4,4,360,4,0,0,0,0,0,0,0,0,0,0,0,0,0
Ibrahim Maza,MFFW,dz,Algeria,20,1.de Leverkusen,2005,4,4,351,3.9,0,0,0,0,0,0,0,0,0,0,0,0,0
Ramiz Zerrouki,MF,dz,Algeria,28,1.nl Twente,1998,3,2,111,1.2,0,0,0,0,0,0,1,0,0,0,0,0,0
Luca Zidane,GK,dz,Algeria,28,2.es Granada,1998,3,3,270,3,0,0,0,0,0,0,0,0,0,0,0,0,0
Jordy Alcivar,MF,ec,Ecuador,26,1.ec Independiente,1999,1,1,45,0.5,0,0,0,0,0,0,1,0,0,0,0,0,0
Nilson Angulo,MF,ec,Ecuador,22,1.eng Sunderland,2003,4,2,218,2.4,1,0,1,1,0,0,0,0,0.41,0,0.41,0.41,0.41
Jordy Caicedo,FW,ec,Ecuador,28,1.ar Huracán,1997,3,0,20,0.2,0,0,0,0,0,0,0,0,0,0,0,0,0
Moisés Caicedo,MF,ec,Ecuador,24,1.eng Chelsea,2001,4,4,360,4,0,0,0,0,0,0,1,0,0,0,0,0,0
Pervis Estupiñán,MF,ec,Ecuador,28,1.it Milan,1998,2,1,89,1,0,0,0,0,0,0,0,0,0,0,0,0,0
Alan Franco,DF,ec,Ecuador,27,1.br Atlético Mineiro,1998,4,4,251,2.8,0,0,0,0,0,0,2,0,0,0,0,0,0
Hernán Galíndez,GK,ec,Ecuador,39,1.ar Huracán,1987,4,4,360,4,0,0,0,0,0,0,0,0,0,0,0,0,0
Piero Hincapié,DF,ec,Ecuador,24,1.eng Arsenal,2002,4,4,339,3.8,0,0,0,0,0,0,1,1,0,0,0,0,0
Yaimar Medina,DFMF,ec,Ecuador,21,1.be Genk,2004,1,0,45,0.5,0,0,0,0,0,0,0,0,0,0,0,0,0
Alan Minda,MF,ec,Ecuador,23,1.br Atlético Mineiro,2003,1,1,55,0.6,0,0,0,0,0,0,0,0,0,0,0,0,0
Joel Ordóñez,DF,ec,Ecuador,22,1.be Club Brugge,2004,3,3,225,2.5,0,0,0,0,0,0,0,0,0,0,0,0,0
Willian Pacho,DF,ec,Ecuador,24,1.fr Paris SG,2001,4,4,360,4,0,0,0,0,0,0,0,0,0,0,0,0,0
Kendry Páez,MF,ec,Ecuador,19,1.ar River Plate,2007,1,0,12,0.1,0,0,0,0,0,0,1,0,0,0,0,0,0
Gonzalo Plata,FW,ec,Ecuador,25,1.br Flamengo,2000,4,4,360,4,1,0,1,1,0,0,1,0,0.25,0,0.25,0.25,0.25
Jackson Porozo,DF,ec,Ecuador,25,1.mx Tijuana,2000,1,0,29,0.3,0,0,0,0,0,0,1,0,0,0,0,0,0
Ángelo Preciado,DFMF,ec,Ecuador,28,1.br Atlético Mineiro,1998,4,0,109,1.2,0,0,0,0,0,0,0,0,0,0,0,0,0
Kevin Rodríguez,FW,ec,Ecuador,26,1.be Union SG,2000,4,0,118,1.3,0,1,1,0,0,0,0,0,0,0.76,0.76,0,0.76
Félix Torres Caicedo,DF,ec,Ecuador,29,1.br Internacional,1997,1,0,6,0.1,0,0,0,0,0,0,0,0,0,0,0,0,0
Enner Valencia,FW,ec,Ecuador,36,1.mx Pachuca,1989,4,4,287,3.2,0,0,0,0,0,0,0,0,0,0,0,0,0
Pedro Vite,MF,ec,Ecuador,24,1.mx UNAM,2002,4,4,360,4,0,1,1,0,0,0,0,0,0,0.25,0.25,0,0.25
John Yeboah,MF,ec,Ecuador,25,2.it Venezia,2000,4,4,311,3.5,0,0,0,0,0,0,0,0,0,0,0,0,0
Hamza Abdelkarim,FW,eg,Egypt,18,4.es Barcelona B,2008,4,0,60,0.7,0,0,0,0,0,0,0,0,0,0,0,0,0
Hossam Abdelmaguid,DF,eg,Egypt,25,1.eg Zamalek SC,2001,2,0,59,0.7,0,0,0,0,0,0,0,0,0,0,0,0,0
Mohamed Abdelmonem,DF,eg,Egypt,27,1.fr Nice,1999,2,1,14,0.2,0,0,0,0,0,0,0,0,0,0,0,0,0
Ibrahim Adel,MF,eg,Egypt,25,1.dk Nordsjælland,2001,1,0,3,0,0,0,0,0,0,0,0,0,0,0,0,0,0
Emam Ashour,MF,eg,Egypt,28,1.eg Al Ahly,1998,5,5,362,4,2,0,2,2,0,0,0,0,0.5,0,0.5,0.5,0.5
Marwan Attia,MF,eg,Egypt,27,1.eg Al Ahly,1998,5,4,434,4.8,0,1,1,0,0,0,2,0,0,0.21,0.21,0,0.21
Hamdy Fathy,DFMF,eg,Egypt,31,1.qa Al-Wakrah,1994,4,3,238,2.6,0,0,0,0,0,0,1,0,0,0,0,0,0
Ahmed Fatouh,DF,eg,Egypt,28,1.eg Zamalek SC,1998,3,3,267,3,0,0,0,0,0,0,1,0,0,0,0,0,0
Karim Hafez,DF,eg,Egypt,30,1.eg Pyramids FC,1996,3,2,172,1.9,0,1,1,0,0,0,0,0,0,0.52,0.52,0,0.52
Mohamed Hany,DF,eg,Egypt,30,1.eg Al Ahly,1996,5,5,480,5.3,0,1,1,0,0,0,0,0,0,0.19,0.19,0,0.19
Haissem Hassan,MF,eg,Egypt,24,1.es Oviedo,2002,2,1,126,1.4,0,1,1,0,0,0,2,0,0,0.71,0.71,0,0.71
Yasser Ibrahim,DF,eg,Egypt,33,1.eg Al Ahly,1993,5,4,467,5.2,1,0,1,1,0,0,2,0,0.19,0,0.19,0.19,0.19
Mohanad Lasheen,MF,eg,Egypt,30,,1996,4,4,359,4,0,0,0,0,0,0,2,0,0,0,0,0,0
Omar Marmoush,FWMF,eg,Egypt,27,1.eng Manchester City,1999,5,3,326,3.6,0,0,0,0,0,0,0,0,0,0,0,0,0
Ramy Rabia,DF,eg,Egypt,33,1.ae Al Ain,1993,5,3,372,4.1,0,0,0,0,0,0,0,0,0,0,0,0,0
Mahmoud Saber,MF,eg,Egypt,24,1.eg ZED,2001,2,1,46,0.5,1,0,1,1,0,0,1,0,1.96,0,1.96,1.96,1.96
Mohamed Salah,FWMF,eg,Egypt,33,1.eng Liverpool,1992,5,5,425,4.7,1,2,3,1,0,0,0,0,0.21,0.42,0.64,0.21,0.64
Mostafa Shobeir,GK,eg,Egypt,26,1.eg Al Ahly,2000,5,5,480,5.3,0,0,0,0,0,0,1,0,0,0,0,0,0
Trézéguet,MF,eg,Egypt,31,1.eg Al Ahly,1994,4,1,164,1.8,1,1,2,1,0,0,0,0,0.55,0.55,1.1,0.55,1.1
Mostafa Ziko,FWMF,eg,Egypt,29,1.eg Pyramids FC,1997,5,5,370,4.1,2,1,3,2,0,0,0,0,0.49,0.24,0.73,0.49,0.73
Zizo,MF,eg,Egypt,30,1.eg Al Ahly,1996,4,0,56,0.6,0,0,0,0,0,0,0,0,0,0,0,0,0
Elliot Anderson,MF,eng,England,23,1.eng Nottingham,2002,8,7,632,7,0,1,1,0,0,0,1,0,0,0.14,0.14,0,0.14
Jude Bellingham,MF,eng,England,22,1.es Real Madrid,2003,8,7,614,6.8,7,1,8,7,0,0,1,0,1.03,0.15,1.17,1.03,1.17
Dan Burn,DF,eng,England,34,1.eng Newcastle,1992,3,0,35,0.4,0,0,0,0,0,0,0,0,0,0,0,0,0
Trevoh Chalobah,DFMF,eng,England,26,1.eng Chelsea,1999,1,0,1,0,0,0,0,0,0,0,0,0,0,0,0,0,0
Eberechi Eze,MF,eng,England,27,1.eng Arsenal,1998,5,1,211,2.3,0,1,1,0,0,0,0,0,0,0.43,0.43,0,0.43
Anthony Gordon,MF,eng,England,25,1.es Barcelona,2001,6,5,396,4.4,1,3,4,1,0,0,0,0,0.23,0.68,0.91,0.23,0.91
Marc Guéhi,DF,eng,England,25,1.eng Manchester City,2000,8,7,663,7.4,0,0,0,0,0,0,1,0,0,0,0,0,0
Dean Henderson,GK,eng,England,29,1.eng Crystal Palace,1997,1,1,90,1,0,0,0,0,0,0,0,0,0,0,0,0,0
Jordan Henderson,MF,eng,England,35,1.eng Brentford,1990,1,0,7,0.1,0,0,0,0,0,0,1,0,0,0,0,0,0
Reece James,DF,eng,England,26,1.eng Chelsea,1999,5,3,319,3.5,0,0,0,0,0,0,0,0,0,0,0,0,0
Harry Kane,FW,eng,England,32,1.de Bayern Munich,1993,7,7,652,7.2,6,1,7,4,2,2,0,0,0.83,0.14,0.97,0.55,0.69
Ezri Konsa,DF,eng,England,28,1.eng Aston Villa,1997,8,7,647,7.2,1,0,1,1,0,0,0,0,0.14,0,0.14,0.14,0.14
Noni Madueke,MF,eng,England,24,1.eng Arsenal,2002,5,4,286,3.2,0,0,0,0,0,0,0,0,0,0,0,0,0
Nico O'Reilly,DF,eng,England,21,1.eng Manchester City,2005,7,5,461,5.1,0,0,0,0,0,0,1,0,0,0,0,0,0
Jordan Pickford,GK,eng,England,32,1.eng Everton,1994,7,7,660,7.3,0,0,0,0,0,0,0,0,0,0,0,0,0
Jarell Quansah,DF,eng,England,23,1.de Leverkusen,2003,3,3,197,2.2,0,0,0,0,0,0,1,1,0,0,0,0,0
Marcus Rashford,MF,eng,England,28,1.es Barcelona,1997,6,3,223,2.5,1,1,2,1,0,0,0,0,0.4,0.4,0.81,0.4,0.81
Declan Rice,MF,eng,England,27,1.eng Arsenal,1999,7,7,557,6.2,1,2,3,1,0,0,2,0,0.16,0.32,0.48,0.16,0.48
Morgan Rogers,MF,eng,England,23,1.eng Aston Villa,2002,7,3,339,3.8,0,1,1,0,0,0,0,0,0,0.27,0.27,0,0.27
Bukayo Saka,MF,eng,England,24,1.eng Arsenal,2001,7,3,358,4,3,3,6,2,1,1,0,0,0.75,0.75,1.51,0.5,1.26
Djed Spence,DF,eng,England,25,1.eng Tottenham,2000,8,4,404,4.5,0,0,0,0,0,0,0,0,0,0,0,0,0
John Stones,DF,eng,England,32,1.eng Manchester City,1994,5,3,330,3.7,0,0,0,0,0,0,0,0,0,0,0,0,0
Ivan Toney,FW,eng,England,30,1.sa Al-Ahli,1996,2,1,79,0.9,0,0,0,0,0,0,0,0,0,0,0,0,0
Ollie Watkins,FWMF,eng,England,30,1.eng Aston Villa,1995,2,0,52,0.6,0,0,0,0,0,0,0,0,0,0,0,0,0
Álex Baena,MFFW,es,Spain,24,1.es Atlético Madrid,2001,7,7,481,5.3,1,1,2,1,0,0,1,0,0.19,0.19,0.37,0.19,0.37
Pau Cubarsí,DF,es,Spain,19,1.es Barcelona,2007,8,8,750,8.3,0,0,0,0,0,0,1,0,0,0,0,0,0
Marc Cucurella,DF,es,Spain,27,1.eng Chelsea,1998,8,8,750,8.3,0,2,2,0,0,0,1,0,0,0.24,0.24,0,0.24
Eric García,DFMF,es,Spain,25,1.es Barcelona,2001,1,0,22,0.2,0,0,0,0,0,0,0,0,0,0,0,0,0
Gavi,FW,es,Spain,21,1.es Barcelona,2004,2,1,76,0.8,0,0,0,0,0,0,0,0,0,0,0,0,0
Borja Iglesias,FW,es,Spain,33,1.es Celta Vigo,1993,1,0,1,0,0,0,0,0,0,0,0,0,0,0,0,0,0
Aymeric Laporte,DF,es,Spain,32,1.es Athletic Club,1994,8,8,727,8.1,0,1,1,0,0,0,1,0,0,0.12,0.12,0,0.12
Marcos Llorente,DF,es,Spain,31,1.es Atlético Madrid,1995,3,2,187,2.1,0,1,1,0,0,0,0,0,0,0.48,0.48,0,0.48
Mikel Merino,MF,es,Spain,29,1.eng Arsenal,1996,8,1,199,2.2,2,0,2,2,0,0,0,0,0.9,0,0.9,0.9,0.9
Dani Olmo,MF,es,Spain,28,1.es Barcelona,1998,8,6,491,5.5,0,2,2,0,0,0,0,0,0,0.37,0.37,0,0.37
Mikel Oyarzabal,FW,es,Spain,29,1.es Real Sociedad,1997,8,8,601,6.7,5,1,6,4,1,1,0,0,0.75,0.15,0.9,0.6,0.75
Pedri,MF,es,Spain,23,1.es Barcelona,2002,8,5,499,5.5,0,0,0,0,0,0,1,0,0,0,0,0,0
Yéremy Pino,FWMF,es,Spain,23,1.eng Crystal Palace,2002,2,0,70,0.8,0,0,0,0,0,0,0,0,0,0,0,0,0
Pedro Porro,DF,es,Spain,26,1.eng Tottenham,1999,6,6,563,6.3,2,0,2,2,0,0,0,0,0.32,0,0.32,0.32,0.32
Marc Pubill,DF,es,Spain,22,1.es Atlético Madrid,2003,1,0,1,0,0,0,0,0,0,0,0,0,0,0,0,0,0
Rodri,MF,es,Spain,29,1.eng Manchester City,1996,8,8,724,8,0,0,0,0,0,0,0,0,0,0,0,0,0
Fabián Ruiz Peña,MF,es,Spain,30,1.fr Paris SG,1996,8,4,321,3.6,1,0,1,1,0,0,0,0,0.28,0,0.28,0.28,0.28
Unai Simón,GK,es,Spain,29,1.es Athletic Club,1997,8,8,750,8.3,0,0,0,0,0,0,0,0,0,0,0,0,0
Ferran Torres,FW,es,Spain,26,1.es Barcelona,2000,8,1,288,3.2,1,1,2,1,0,0,1,0,0.31,0.31,0.62,0.31,0.62
Nico Williams,MF,es,Spain,23,1.es Athletic Club,2002,6,0,113,1.3,0,1,1,0,0,0,0,0,0,0.8,0.8,0,0.8
Lamine Yamal,MFFW,es,Spain,18,1.es Barcelona,2007,8,7,614,6.8,1,0,1,1,0,0,0,0,0.15,0,0.15,0.15,0.15
Martín Zubimendi,MF,es,Spain,27,1.eng Arsenal,1999,1,0,22,0.2,0,0,0,0,0,0,0,0,0,0,0,0,0
Maghnes Akliouche,MF,fr,France,24,1.fr Monaco,2002,1,0,8,0.1,0,0,0,0,0,0,0,0,0,0,0,0,0
Bradley Barcola,MF,fr,France,23,1.fr Paris SG,2002,8,4,384,4.3,3,1,4,3,0,0,1,0,0.7,0.23,0.94,0.7,0.94
Rayan Cherki,MF,fr,France,22,1.eng Manchester City,2003,7,1,130,1.4,0,0,0,0,0,0,0,0,0,0,0,0,0
Ousmane Dembélé,MF,fr,France,29,1.fr Paris SG,1997,8,7,592,6.6,6,2,8,6,0,0,0,0,0.91,0.3,1.22,0.91,1.22
Lucas Digne,DF,fr,France,32,1.eng Aston Villa,1993,6,5,463,5.1,0,0,0,0,0,0,0,0,0,0,0,0,0
Désiré Doué,MF,fr,France,21,1.fr Paris SG,2005,8,4,400,4.4,1,1,2,1,0,0,0,0,0.23,0.23,0.45,0.23,0.45
Malo Gusto,DF,fr,France,23,1.eng Chelsea,2003,5,1,121,1.3,0,0,0,0,0,0,0,0,0,0,0,0,0
Theo Hernández,DF,fr,France,28,1.sa Al-Hilal,1997,5,3,257,2.9,0,0,0,0,0,0,0,0,0,0,0,0,0
Ibrahima Konaté,DF,fr,France,27,1.eng Liverpool,1999,2,1,60,0.7,0,0,0,0,0,0,0,0,0,0,0,0,0
Manu Koné,MF,fr,France,25,1.it Roma,2001,5,4,385,4.3,0,0,0,0,0,0,1,0,0,0,0,0,0
Jules Koundé,DF,fr,France,27,1.es Barcelona,1998,8,7,599,6.7,0,0,0,0,0,0,0,0,0,0,0,0,0
Maxence Lacroix,DF,fr,France,26,1.eng Crystal Palace,2000,3,2,241,2.7,0,0,0,0,0,0,0,0,0,0,0,0,0
Mike Maignan,GK,fr,France,30,1.it Milan,1995,8,8,720,8,0,0,0,0,0,0,0,0,0,0,0,0,0
Jean-Philippe Mateta,FW,fr,France,28,1.eng Crystal Palace,1997,3,0,24,0.3,0,0,0,0,0,0,0,0,0,0,0,0,0
Kylian Mbappé,FW,fr,France,27,1.es Real Madrid,1998,8,8,695,7.7,10,4,14,9,1,2,1,0,1.29,0.52,1.81,1.17,1.68
Michael Olise,MF,fr,France,24,1.de Bayern Munich,2001,8,8,646,7.2,0,7,7,0,0,0,1,0,0,0.98,0.98,0,0.98
Adrien Rabiot,MF,fr,France,31,1.it Milan,1995,7,7,585,6.5,0,1,1,0,0,0,1,0,0,0.15,0.15,0,0.15
William Saliba,DF,fr,France,25,1.eng Arsenal,2001,6,6,479,5.3,0,0,0,0,0,0,0,0,0,0,0,0,0
Aurélien Tchouaméni,MF,fr,France,26,1.es Real Madrid,2000,4,4,360,4,0,1,1,0,0,0,1,0,0,0.25,0.25,0,0.25
Marcus Thuram,FWMF,fr,France,28,1.it Inter,1997,1,0,1,0,0,0,0,0,0,0,0,0,0,0,0,0,0
Dayot Upamecano,DF,fr,France,27,1.de Bayern Munich,1998,8,7,660,7.3,0,1,1,0,0,0,0,0,0,0.14,0.14,0,0.14
Warren Zaïre-Emery,MF,fr,France,20,1.fr Paris SG,2006,2,1,110,1.2,0,0,0,0,0,0,0,0,0,0,0,0,0
Jonas Adjetey,DF,gh,Ghana,22,1.de Wolfsburg,2003,3,3,225,2.5,0,0,0,0,0,0,0,0,0,0,0,0,0
Benjamin Asare,GK,gh,Ghana,33,1.gh Accra Hearts of Oak,1992,3,2,225,2.5,0,0,0,0,0,0,0,0,0,0,0,0,0
Lawrence Ati-Zigi,GK,gh,Ghana,29,1.ch St. Gallen,1996,2,2,135,1.5,0,0,0,0,0,0,0,0,0,0,0,0,0
Jordan Ayew,FW,gh,Ghana,34,2.eng Leicester City,1991,4,4,300,3.3,0,0,0,0,0,0,0,0,0,0,0,0,0
Abdul Fatawu Issahaku,FWMF,gh,Ghana,22,2.eng Leicester City,2004,4,0,132,1.5,0,0,0,0,0,0,1,0,0,0,0,0,0
Prince Kwabena Adu,FW,gh,Ghana,22,1.cz Viktoria Plzeň,2003,3,0,39,0.4,0,0,0,0,0,0,0,0,0,0,0,0,0
Derrick Luckassen,DF,gh,Ghana,30,1.cy Pafos FC,1995,2,2,180,2,1,0,1,1,0,0,0,0,0.5,0,0.5,0.5,0.5
Gideon Mensah,DF,gh,Ghana,27,1.fr Auxerre,1998,4,4,360,4,0,0,0,0,0,0,0,0,0,0,0,0,0
Ernest Nuamah,MF,gh,Ghana,22,1.fr Lyon,2003,3,1,89,1,0,1,1,0,0,0,0,0,0,1.01,1.01,0,1.01
Jerome Opoku,DF,gh,Ghana,27,1.tr Başakşehir,1998,3,3,270,3,0,0,0,0,0,0,0,0,0,0,0,0,0
Elisha Owusu,MF,gh,Ghana,28,1.fr Auxerre,1997,3,2,151,1.7,0,0,0,0,0,0,0,0,0,0,0,0,0
Thomas Partey,MF,gh,Ghana,33,1.es Villarreal,1993,3,3,270,3,0,0,0,0,0,0,0,0,0,0,0,0,0
Kojo Peprah Oppong,DF,gh,Ghana,22,1.fr Nice,2004,2,0,49,0.5,0,0,0,0,0,0,1,0,0,0,0,0,0
Abdul Rahman Baba,DFMF,gh,Ghana,31,1.gr PAOK,1994,1,0,1,0,0,0,0,0,0,0,0,0,0,0,0,0,0
Alidu Seidu,DF,gh,Ghana,26,1.fr Rennes,2000,1,0,78,0.9,0,0,0,0,0,0,1,0,0,0,0,0,0
Antoine Semenyo,MFFW,gh,Ghana,26,1.eng Manchester City,2000,4,4,360,4,0,0,0,0,0,0,0,0,0,0,0,0,0
Marvin Senaya,DF,gh,Ghana,25,1.fr Auxerre,2001,4,4,278,3.1,0,0,0,0,0,0,0,0,0,0,0,0,0
Kwasi Sibo,MF,gh,Ghana,27,1.es Oviedo,1998,4,3,248,2.8,0,0,0,0,0,0,0,0,0,0,0,0,0
Kamaldeen Sulemana,MFFW,gh,Ghana,24,1.us Atlanta Utd,2002,2,2,127,1.4,0,0,0,0,0,0,0,0,0,0,0,0,0
Brandon Thomas-Asante,FWMF,gh,Ghana,27,2.eng Coventry City,1998,2,0,53,0.6,0,0,0,0,0,0,0,0,0,0,0,0,0
Iñaki Williams,MFFW,gh,Ghana,31,1.es Athletic Club,1994,2,2,126,1.4,0,0,0,0,0,0,1,0,0,0,0,0,0
Caleb Yirenkyi,MF,gh,Ghana,20,1.dk Nordsjælland,2006,4,3,264,2.9,1,0,1,1,0,0,2,0,0.34,0,0.34,0.34,0.34
Martin Baturina,MFFW,hr,Croatia,23,1.it Como,2003,4,4,321,3.6,1,0,1,1,0,0,0,0,0.28,0,0.28,0.28,0.28
Ante Budimir,FW,hr,Croatia,34,1.es Osasuna,1991,3,2,155,1.7,1,0,1,1,0,0,0,0,0.58,0,0.58,0.58,0.58
Joško Gvardiol,DF,hr,Croatia,24,1.eng Manchester City,2002,4,2,139,1.5,0,0,0,0,0,0,0,0,0,0,0,0,0
Mateo Kovačić,MF,hr,Croatia,32,1.eng Manchester City,1994,4,3,270,3,0,1,1,0,0,0,0,0,0,0.33,0.33,0,0.33
Andrej Kramarić,FWMF,hr,Croatia,34,1.de Hoffenheim,1991,3,0,59,0.7,0,0,0,0,0,0,0,0,0,0,0,0,0
Dominik Livaković,GK,hr,Croatia,31,1.hr Dinamo Zagreb,1995,4,4,360,4,0,0,0,0,0,0,0,0,0,0,0,0,0
Igor Matanović,FW,hr,Croatia,23,1.de Freiburg,2003,3,0,95,1.1,0,0,0,0,0,0,0,0,0,0,0,0,0
Luka Modrić,MF,hr,Croatia,40,1.it Milan,1985,4,4,317,3.5,0,1,1,0,0,0,1,0,0,0.28,0.28,0,0.28
Petar Musa,FW,hr,Croatia,28,1.us FC Dallas,1998,2,2,110,1.2,1,0,1,1,0,0,0,0,0.82,0,0.82,0.82,0.82
Marco Pašalić,MF,hr,Croatia,25,1.us Orlando City,2000,3,1,99,1.1,0,0,0,0,0,0,0,0,0,0,0,0,0
Mario Pašalić,MF,hr,Croatia,31,1.it Atalanta,1995,4,1,123,1.4,0,0,0,0,0,0,0,0,0,0,0,0,0
Ivan Perišić,MFDF,hr,Croatia,37,1.nl PSV,1989,4,4,360,4,1,1,2,1,0,0,2,0,0.25,0.25,0.5,0.25,0.5
Marin Pongračić,DF,hr,Croatia,28,1.it Fiorentina,1997,3,3,270,3,0,0,0,0,0,0,0,0,0,0,0,0,0
Josip Stanišić,DFMF,hr,Croatia,26,1.de Bayern Munich,2000,4,4,360,4,0,1,1,0,0,0,0,0,0,0.25,0.25,0,0.25
Luka Sučić,FWMF,hr,Croatia,23,1.es Real Sociedad,2002,1,0,19,0.2,0,0,0,0,0,0,0,0,0,0,0,0,0
Petar Sučić,MFFW,hr,Croatia,22,1.it Inter,2003,4,3,289,3.2,1,1,2,1,0,0,1,0,0.31,0.31,0.62,0.31,0.62
Josip Šutalo,DF,hr,Croatia,26,1.nl Ajax,2000,4,4,360,4,0,0,0,0,0,0,0,0,0,0,0,0,0
Nikola Vlašić,MF,hr,Croatia,28,1.it Torino,1997,3,2,189,2.1,1,0,1,1,0,0,0,0,0.48,0,0.48,0.48,0.48
Luka Vušković,DF,hr,Croatia,19,1.de Hamburger SV,2007,1,1,65,0.7,0,0,0,0,0,0,0,0,0,0,0,0,0
Ricardo Adé,DF,ht,Haiti,36,1.ec LDU Quito,1990,3,3,270,3,0,0,0,0,0,0,0,0,0,0,0,0,0
Carlens Arcus,MFDF,ht,Haiti,29,1.fr Angers,1996,3,2,146,1.6,0,0,0,0,0,0,1,0,0,0,0,0,0
Jean-Ricner Bellegarde,MF,ht,Haiti,27,1.eng Wolves,1998,3,3,260,2.9,0,0,0,0,0,0,1,0,0,0,0,0,0
Josué Casimir,MF,ht,Haiti,24,1.fr Auxerre,2001,3,2,182,2,0,0,0,0,0,0,1,0,0,0,0,0,0
Louicius Deedson,MF,ht,Haiti,25,1.us FC Dallas,2001,3,1,112,1.2,0,0,0,0,0,0,0,0,0,0,0,0,0
Hannes Delcroix,DF,ht,Haiti,27,1.ch Lugano,1999,3,3,270,3,0,0,0,0,0,0,0,0,0,0,0,0,0
Jean-Kevin Duverne,DF,ht,Haiti,28,1.be Gent,1997,2,2,169,1.9,0,1,1,0,0,0,0,0,0,0.53,0.53,0,0.53
Derrick Etienne,FWMF,ht,Haiti,29,1.us Toronto FC,1996,1,0,10,0.1,0,0,0,0,0,0,0,0,0,0,0,0,0
Martin Expérience,DFMF,ht,Haiti,27,2.fr Nancy,1999,3,3,270,3,0,0,0,0,0,0,0,0,0,0,0,0,0
Yassin Fortuné,FWMF,ht,Haiti,27,2.pt Vizela,1999,1,0,6,0.1,0,0,0,0,0,0,0,0,0,0,0,0,0
Wilson Isidor,FW,ht,Haiti,25,1.eng Sunderland,2000,3,2,186,2.1,1,0,1,1,0,0,0,0,0.48,0,0.48,0.48,0.48
Danley Jean-Jacques,MF,ht,Haiti,26,1.us Philadelphia,2000,3,3,259,2.9,0,0,0,0,0,0,1,0,0,0,0,0,0
Lenny Joseph,FW,ht,Haiti,25,1.hu Ferencváros,2000,3,1,117,1.3,0,0,0,0,0,0,0,0,0,0,0,0,0
Duckens Nazon,FWMF,ht,Haiti,32,1.ir Esteghlal,1994,1,0,24,0.3,0,0,0,0,0,0,1,0,0,0,0,0,0
Frantzdy Pierrot,FW,ht,Haiti,31,1.tr Rizespor,1995,3,2,143,1.6,0,0,0,0,0,0,1,0,0,0,0,0,0
Johny Placide,GK,ht,Haiti,38,2.fr Bastia,1988,3,3,270,3,0,0,0,0,0,0,1,0,0,0,0,0,0
Ruben Providence,MF,ht,Haiti,24,2.nl Almere City,2001,3,3,220,2.4,0,0,0,0,0,0,0,0,0,0,0,0,0
Dominique Simon,MF,ht,Haiti,25,1.sk 1. FC Tatran Prešov B,2000,2,0,56,0.6,0,0,0,0,0,0,0,0,0,0,0,0,0
Hussein Ali,DF,iq,Iraq,24,1.pl Pogoń Szczecin,2002,2,2,162,1.8,0,0,0,0,0,0,0,0,0,0,0,0,0
Mohanad Ali,FW,iq,Iraq,25,1.ae Dibba Al Fujairah,2000,1,0,13,0.1,0,0,0,0,0,0,0,0,0,0,0,0,0
Amir Al Ammari,MF,iq,Iraq,28,1.pl Cracovia,1997,3,3,247,2.7,0,1,1,0,0,0,2,0,0,0.36,0.36,0,0.36
Youssef Amyn,MF,iq,Iraq,22,1.cy AEK Larnaca,2003,1,0,31,0.3,0,0,0,0,0,0,0,0,0,0,0,0,0
Ahmed Basil,GK,iq,Iraq,29,1.iq Al-Shorta,1996,2,2,135,1.5,0,0,0,0,0,0,0,0,0,0,0,0,0
Ibrahim Bayesh,MFFW,iq,Iraq,26,1.ae Al Dhafra SCC,2000,3,3,235,2.6,0,0,0,0,0,0,0,0,0,0,0,0,0
Frans Dhia Putros,DF,iq,Iraq,32,1.id Persib Bandung,1993,1,1,90,1,0,0,0,0,0,0,0,0,0,0,0,0,0
Merchas Doski,DF,iq,Iraq,26,1.cz Viktoria Plzeň,1999,3,3,270,3,0,0,0,0,0,0,1,0,0,0,0,0,0
Marko Farji,MF,iq,Iraq,22,2.it Venezia,2004,2,0,54,0.6,0,0,0,0,0,0,0,0,0,0,0,0,0
Ali Al Hamadi,FW,iq,Iraq,24,2.eng Ipswich Town,2002,3,2,180,2,0,0,0,0,0,0,0,0,0,0,0,0,0
Akam Hashim,DF,iq,Iraq,27,1.iq Al-Zawra'a SC,1998,3,3,270,3,0,0,0,0,0,0,0,0,0,0,0,0,0
Jalal Hassan,GK,iq,Iraq,35,1.iq Al-Zawra'a SC,1991,2,1,135,1.5,0,0,0,0,0,0,0,0,0,0,0,0,0
Ayman Hussein,FW,iq,Iraq,30,1.iq Al-Karma,1996,2,2,115,1.3,1,0,1,1,0,0,0,0,0.78,0,0.78,0.78,0.78
Zidane Iqbal,MF,iq,Iraq,23,1.nl Utrecht,2003,3,2,188,2.1,0,0,0,0,0,0,0,0,0,0,0,0,0
Zaid Ismail,MF,iq,Iraq,24,1.iq Al-Talaba,2002,2,2,117,1.3,0,0,0,0,0,0,0,0,0,0,0,0,0
Ali Jasim,MF,iq,Iraq,22,1.sa Al-Najma,2004,2,2,129,1.4,0,0,0,0,0,0,0,0,0,0,0,0,0
Ahmed Maknzi,DF,iq,Iraq,24,1.iq Al-Karma,2001,1,0,33,0.4,0,0,0,0,0,0,0,0,0,0,0,0,0
Ahmed Qasem,MFFW,iq,Iraq,22,1.us Nashville SC,2003,3,2,123,1.4,0,0,0,0,0,0,0,0,0,0,0,0,0
Mustafa Saadoon,DF,iq,Iraq,25,1.iq Al-Shorta,2001,1,0,18,0.2,0,0,0,0,0,0,0,0,0,0,0,0,0
Aimar Sher,MF,iq,Iraq,23,1.no Sarpsborg 08,2002,1,0,23,0.3,0,0,0,0,0,0,0,0,0,0,0,0,0
Rebin Sulaka,DF,iq,Iraq,34,1.th Port FC,1992,2,1,43,0.5,0,0,0,0,0,0,0,1,0,0,0,0,0
Zaid Tahseen,DF,iq,Iraq,25,1.uz Pakhtakor Tashkent FK,2001,2,2,149,1.7,0,0,0,0,0,0,1,0,0,0,0,0,0
Kevin Yakob,MF,iq,Iraq,25,1.dk AGF,2000,1,0,24,0.3,0,0,0,0,0,0,0,0,0,0,0,0,0
Manaf Younis,DF,iq,Iraq,29,1.iq Al-Shorta,1996,1,0,75,0.8,0,0,0,0,0,0,0,0,0,0,0,0,0
Ali Yousif,FW,iq,Iraq,30,1.iq Al-Talaba,1996,1,0,33,0.4,0,0,0,0,0,0,0,0,0,0,0,0,0
Ali Alipour,FW,ir,IR Iran,30,1.ir Persepolis,1995,1,0,38,0.4,0,0,0,0,0,0,0,0,0,0,0,0,0
Alireza Beiranvand,GK,ir,IR Iran,33,1.ir Tractor,1992,3,3,270,3,0,0,0,0,0,0,0,0,0,0,0,0,0
Saeid Ezatolahi,MF,ir,IR Iran,29,1.ae Al-Ahli Dubai FC,1996,3,3,264,2.9,0,0,0,0,0,0,2,0,0,0,0,0,0
Mehdi Ghayedi,FW,ir,IR Iran,27,1.ae Al-Nasr Dubai,1998,1,0,45,0.5,0,0,0,0,0,0,0,0,0,0,0,0,0
Saman Ghoddos,MF,ir,IR Iran,32,1.ae Al-Ittihad Kalba,1993,3,3,208,2.3,0,0,0,0,0,0,0,0,0,0,0,0,0
Mohammad Ghorbani,MF,ir,IR Iran,25,1.ae Al-Wahda FC,2001,1,1,90,1,0,0,0,0,0,0,0,0,0,0,0,0,0
Ehsan Hajsafi,DF,ir,IR Iran,36,1.ir Sepahan,1990,2,1,91,1,0,0,0,0,0,0,1,0,0,0,0,0,0
Saleh Hardani,DF,ir,IR Iran,27,1.ir Esteghlal,1998,2,1,90,1,0,0,0,0,0,0,0,0,0,0,0,0,0
Amirhossein Hosseinzadeh,FW,ir,IR Iran,25,1.ir Tractor,2000,2,0,17,0.2,0,0,0,0,0,0,0,0,0,0,0,0,0
Alireza Jahanbakhsh,FWMF,ir,IR Iran,32,1.be Dender,1993,2,0,46,0.5,0,0,0,0,0,0,0,0,0,0,0,0,0
Hossein Kanaanizadegan,DF,ir,IR Iran,32,1.ir Persepolis,1994,2,2,135,1.5,0,0,0,0,0,0,1,0,0,0,0,0,0
Shoja' Khalilzadeh,DF,ir,IR Iran,37,1.ir Tractor,1989,3,3,270,3,0,0,0,0,0,0,1,0,0,0,0,0,0
Shahriar Moghanlou,FW,ir,IR Iran,31,1.ae Al-Ittihad Kalba,1994,3,1,88,1,0,0,0,0,0,0,0,0,0,0,0,0,0
Milad Mohammadi,DF,ir,IR Iran,32,1.ir Persepolis,1993,3,2,205,2.3,0,0,0,0,0,0,0,0,0,0,0,0,0
Mohammad Mohebi,MF,ir,IR Iran,27,1.ru Rostov,1998,3,3,244,2.7,1,0,1,1,0,0,0,0,0.37,0,0.37,0.37,0.37
Ali Nemati,DF,ir,IR Iran,30,1.ir Foolad,1996,3,3,270,3,0,0,0,0,0,0,1,0,0,0,0,0,0
Ramin Rezaeian,DFMF,ir,IR Iran,36,1.ir Foolad,1990,3,3,270,3,2,1,3,2,0,0,0,0,0.67,0.33,1,0.67,1
Mehdi Taremi,FW,ir,IR Iran,33,1.gr Olympiacos,1992,3,3,259,2.9,0,0,0,0,0,1,0,0,0,0,0,0,0
Mehdi Torabi,MF,ir,IR Iran,31,1.ir Tractor,1994,1,0,25,0.3,0,0,0,0,0,0,0,0,0,0,0,0,0
Aria Yousefi,MF,ir,IR Iran,24,1.ir Sepahan,2002,1,1,45,0.5,0,0,0,0,0,0,0,0,0,0,0,0,0
Husam Abu Dahab,DF,jo,Jordan,26,1.kw Al-Salmiya SC,2000,2,2,178,2,0,0,0,0,0,0,1,0,0,0,0,0,0
Mohammad Abu Hasheesh,DF,jo,Jordan,31,1.iq Al-Karma,1995,1,0,6,0.1,0,0,0,0,0,0,0,0,0,0,0,0,0
Mohannad Abu Taha,DF,jo,Jordan,23,1.iq Al-Quwa Al-Jawiya,2003,3,3,264,2.9,0,0,0,0,0,0,1,0,0,0,0,0,0
Mo Abualnadi,DF,jo,Jordan,25,1.my Selangor FA,2001,1,1,71,0.8,0,0,0,0,0,0,0,0,0,0,0,0,0
Yazeed Abulaila,GK,jo,Jordan,33,1.jo Al-Hussein SC,1993,3,3,270,3,0,0,0,0,0,0,0,0,0,0,0,0,0
Yazan Al-Arab,DF,jo,Jordan,30,1.kr FC Seoul,1996,3,3,270,3,0,0,0,0,0,0,1,0,0,0,0,0,0
Ali Azaizeh,MF,jo,Jordan,22,1.sa Al-Shabab,2004,3,1,54,0.6,0,0,0,0,0,0,0,0,0,0,0,0,0
Mohammad Al-Dawud,FWMF,jo,Jordan,34,1.jo Al-Wehdat SC,1992,1,0,3,0,0,0,0,0,0,0,0,0,0,0,0,0,0
Odeh Al-Fakhouri,MFFW,jo,Jordan,20,1.eg Pyramids FC,2005,3,2,148,1.6,0,0,0,0,0,0,0,0,0,0,0,0,0
Ihsan Haddad,DF,jo,Jordan,32,1.jo Al-Hussein SC,1994,3,3,260,2.9,0,1,1,0,0,0,0,0,0,0.35,0.35,0,0.35
Amer Jamous,MF,jo,Jordan,23,1.iq Al-Zawra'a SC,2002,1,0,15,0.2,0,0,0,0,0,0,0,0,0,0,0,0,0
Mahmoud Al-Mardi,MF,jo,Jordan,32,1.jo Al-Hussein SC,1993,3,1,130,1.4,0,0,0,0,0,0,0,0,0,0,0,0,0
Abdallah Nasib,DF,jo,Jordan,32,1.iq Al-Zawra'a SC,1994,3,3,260,2.9,0,0,0,0,0,0,0,0,0,0,0,0,0
Salim Obaid,DF,jo,Jordan,34,1.jo Al-Hussein SC,1992,3,0,21,0.2,0,0,0,0,0,0,0,0,0,0,0,0,0
Ali Olwan,MF,jo,Jordan,26,1.qa Al-Sailiya SC,2000,3,3,268,3,1,0,1,1,0,0,0,0,0.34,0,0.34,0.34,0.34
Nizar Al Rashdan,MF,jo,Jordan,27,1.qa Qatar SC,1999,3,3,255,2.8,1,0,1,1,0,0,0,0,0.35,0,0.35,0.35,0.35
Noor Al Rawabdeh,MF,jo,Jordan,29,1.my Selangor FA,1997,3,3,270,3,0,1,1,0,0,0,0,0,0,0.33,0.33,0,0.33
Saed Al-Rosan,DF,jo,Jordan,29,1.jo Al-Hussein SC,1997,1,0,10,0.1,0,0,0,0,0,0,0,0,0,0,0,0,0
Sharara,FW,jo,Jordan,28,1.ma Raja Casablanca,1997,2,0,2,0,0,0,0,0,0,0,1,0,0,0,0,0,0
Musa Al-Taamari,FW,jo,Jordan,29,1.fr Rennes,1997,3,2,215,2.4,1,1,2,1,0,0,0,0,0.42,0.42,0.84,0.42,0.84
Ritsu Doan,MF,jp,Japan,27,1.de Frankfurt,1998,4,4,278,3.1,0,1,1,0,0,0,0,0,0,0.32,0.32,0,0.32
Keisuke Gotō,FW,jp,Japan,21,1.be Sint-Truiden,2005,1,0,7,0.1,0,0,0,0,0,0,0,0,0,0,0,0,0
Ko Itakura,DF,jp,Japan,29,1.nl Ajax,1997,2,2,128,1.4,0,1,1,0,0,0,0,0,0,0.7,0.7,0,0.7
Hiroki Ito,DF,jp,Japan,27,1.de Bayern Munich,1999,4,4,360,4,0,0,0,0,0,0,0,0,0,0,0,0,0
Junya Itō,MF,jp,Japan,33,1.be Genk,1993,4,2,216,2.4,1,0,1,1,0,0,0,0,0.42,0,0.42,0.42,0.42
Daichi Kamada,MF,jp,Japan,29,1.eng Crystal Palace,1996,4,4,329,3.7,2,0,2,2,0,0,1,0,0.55,0,0.55,0.55,0.55
Takefusa Kubo,MF,jp,Japan,25,1.es Real Sociedad,2001,1,1,74,0.8,0,1,1,0,0,0,0,0,0,1.22,1.22,0,1.22
Shuto Machino,FW,jp,Japan,26,1.de Gladbach,1999,1,0,13,0.1,0,0,0,0,0,0,0,0,0,0,0,0,0
Daizen Maeda,MF,jp,Japan,28,1.sct Celtic,1997,3,3,244,2.7,1,0,1,1,0,0,0,0,0.37,0,0.37,0.37,0.37
Yūto Nagatomo,DFMF,jp,Japan,39,1.jp FC Tokyo,1986,1,0,16,0.2,0,0,0,0,0,0,0,0,0,0,0,0,0
Keito Nakamura,MF,jp,Japan,25,2.fr Reims,2000,4,4,307,3.4,1,1,2,1,0,0,0,0,0.29,0.29,0.59,0.29,0.59
Kōki Ogawa,FW,jp,Japan,28,1.nl NEC Nijmegen,1997,3,0,42,0.5,0,1,1,0,0,0,0,0,0,2.14,2.14,0,2.14
Kaishū Sano,MF,jp,Japan,25,1.de Mainz 05,2000,3,3,270,3,1,1,2,1,0,0,1,0,0.33,0.33,0.67,0.33,0.67
Ayumu Seko,DF,jp,Japan,26,1.fr Le Havre,2000,2,1,86,1,0,0,0,0,0,0,0,0,0,0,0,0,0
Kento Shiogai,FW,jp,Japan,21,1.de Wolfsburg,2005,1,0,7,0.1,0,0,0,0,0,0,0,0,0,0,0,0,0
Yukinari Sugawara,MF,jp,Japan,25,1.de Werder Bremen,2000,4,1,148,1.6,0,0,0,0,0,0,0,0,0,0,0,0,0
Junnosuke Suzuki,DF,jp,Japan,22,1.dk FC Copenhagen,2003,2,0,43,0.5,0,0,0,0,0,0,1,0,0,0,0,0,0
Yuito Suzuki,FWMF,jp,Japan,24,1.de Freiburg,2001,1,0,12,0.1,0,0,0,0,0,0,0,0,0,0,0,0,0
Zion Suzuki,GK,jp,Japan,23,1.it Parma,2002,4,4,360,4,0,0,0,0,0,0,0,0,0,0,0,0,0
Ao Tanaka,MF,jp,Japan,27,1.eng Leeds United,1998,3,2,193,2.1,0,0,0,0,0,0,0,0,0,0,0,0,0
Shogo Taniguchi,DF,jp,Japan,34,1.be Sint-Truiden,1991,3,2,232,2.6,0,0,0,0,0,0,1,0,0,0,0,0,0
Takehiro Tomiyasu,DF,jp,Japan,27,1.nl Ajax,1998,3,2,184,2,0,0,0,0,0,0,0,0,0,0,0,0,0
Ayase Ueda,FW,jp,Japan,27,1.nl Feyenoord,1998,4,4,321,3.6,2,1,3,2,0,0,0,0,0.56,0.28,0.84,0.56,0.84
Tsuyoshi Watanabe,DF,jp,Japan,29,1.nl Feyenoord,1997,2,1,90,1,0,0,0,0,0,0,0,0,0,0,0,0,0
Jens Castrop,MF,kr,Korea Republic,22,1.de Gladbach,2003,1,0,45,0.5,0,0,0,0,0,0,0,0,0,0,0,0,0
Lee Gi-hyuk,DF,kr,Korea Republic,25,1.kr Gangwon FC,2000,3,3,270,3,0,0,0,0,0,0,1,0,0,0,0,0,0
Cho Gue-sung,FWMF,kr,Korea Republic,28,1.dk Midtjylland,1998,2,0,31,0.3,0,0,0,0,0,0,1,0,0,0,0,0,0
Lee Han-beom,DF,kr,Korea Republic,23,1.dk Midtjylland,2002,3,3,270,3,0,0,0,0,0,0,0,0,0,0,0,0,0
Hwang Hee-chan,FW,kr,Korea Republic,30,1.eng Wolves,1996,3,1,108,1.2,0,0,0,0,0,0,0,0,0,0,0,0,0
Son Heung-min,FW,kr,Korea Republic,33,1.us LAFC,1992,3,2,169,1.9,0,0,0,0,0,0,0,0,0,0,0,0,0
Oh Hyeon-gyu,FW,kr,Korea Republic,25,1.tr Beşiktaş,2001,3,1,129,1.4,1,0,1,1,0,0,0,0,0.7,0,0.7,0.7,0.7
Yang Hyun-jun,FWMF,kr,Korea Republic,24,1.sct Celtic,2002,1,0,20,0.2,0,0,0,0,0,0,0,0,0,0,0,0,0
Hwang In-beom,MF,kr,Korea Republic,29,1.nl Feyenoord,1996,3,3,263,2.9,1,1,2,1,0,0,0,0,0.34,0.34,0.68,0.34,0.68
Lee Jae-sung,FW,kr,Korea Republic,33,1.de Mainz 05,1992,2,2,117,1.3,0,0,0,0,0,0,0,0,0,0,0,0,0
Eom Ji-sung,MF,kr,Korea Republic,24,2.eng Swansea City,2002,2,0,42,0.5,0,0,0,0,0,0,0,0,0,0,0,0,0
Kim Jin-gyu,MF,kr,Korea Republic,29,1.kr Jeonbuk,1997,2,0,52,0.6,0,0,0,0,0,0,0,0,0,0,0,0,0
Park Jinseob,DFMF,kr,Korea Republic,30,1.cn Zhejiang,1995,2,0,32,0.4,0,0,0,0,0,0,0,0,0,0,0,0,0
Lee Kang-in,FW,kr,Korea Republic,25,1.fr Paris SG,2001,3,3,270,3,0,1,1,0,0,0,1,0,0,0.33,0.33,0,0.33
Kim Min-jae,DF,kr,Korea Republic,29,1.de Bayern Munich,1996,3,3,245,2.7,0,0,0,0,0,0,0,0,0,0,0,0,0
Kim Moon-hwan,MF,kr,Korea Republic,30,1.kr Daejeon Hana,1995,1,1,70,0.8,0,0,0,0,0,0,0,0,0,0,0,0,0
Kim Seung-gyu,GK,kr,Korea Republic,35,1.jp FC Tokyo,1990,3,3,270,3,0,0,0,0,0,0,0,0,0,0,0,0,0
Paik Seung-ho,MF,kr,Korea Republic,29,2.eng Birmingham City,1997,3,3,204,2.3,0,0,0,0,0,0,1,0,0,0,0,0,0
Lee Tae-seok,MF,kr,Korea Republic,23,1.at Austria Wien,2002,2,2,113,1.3,0,0,0,0,0,0,0,0,0,0,0,0,0
Seol Young-woo,MF,kr,Korea Republic,27,1.rs Red Star,1998,3,3,250,2.8,0,0,0,0,0,0,0,0,0,0,0,0,0
Ayoube Amaimouni,MF,ma,Morocco,21,1.de Frankfurt,2004,2,0,18,0.2,0,0,0,0,0,0,0,0,0,0,0,0,0
Sofyan Amrabat,MF,ma,Morocco,29,1.es Real Betis,1996,3,1,147,1.6,0,0,0,0,0,0,0,0,0,0,0,0,0
Neil El Aynaoui,MF,ma,Morocco,24,1.it Roma,2001,6,6,562,6.2,0,0,0,0,0,0,0,0,0,0,0,0,0
Ayyoub Bouaddi,MF,ma,Morocco,18,1.fr Lille,2007,5,5,381,4.2,0,0,0,0,0,0,0,0,0,0,0,0,0
Yassine Bounou,GK,ma,Morocco,35,1.sa Al-Hilal,1991,6,6,570,6.3,0,0,0,0,0,0,0,0,0,0,0,0,0
Brahim Díaz,MF,ma,Morocco,26,1.es Real Madrid,1999,6,6,457,5.1,0,4,4,0,0,0,0,0,0,0.79,0.79,0,0.79
Issa Diop,DF,ma,Morocco,29,1.eng Fulham,1997,5,5,476,5.3,1,0,1,1,0,0,3,0,0.19,0,0.19,0.19,0.19
Achraf Hakimi,DF,ma,Morocco,27,1.fr Paris SG,1998,6,6,570,6.3,1,2,3,1,0,0,1,0,0.16,0.32,0.47,0.16,0.47
Redouane Halhal,DF,ma,Morocco,23,1.be Mechelen,2003,2,2,180,2,0,0,0,0,0,0,1,0,0,0,0,0,0
Ayoub El Kaabi,FW,ma,Morocco,32,1.gr Olympiacos,1993,1,1,69,0.8,0,0,0,0,0,0,0,0,0,0,0,0,0
Bilal El Khannouss,MFFW,ma,Morocco,22,1.de Stuttgart,2004,6,6,461,5.1,0,0,0,0,0,0,1,0,0,0,0,0,0
Noussair Mazraoui,DF,ma,Morocco,28,1.eng Manchester Utd,1997,6,5,477,5.3,0,0,0,0,0,0,0,0,0,0,0,0,0
Samir El Mourabet,MF,ma,Morocco,20,1.fr Strasbourg,2005,5,0,81,0.9,0,0,0,0,0,0,0,0,0,0,0,0,0
Zakaria El Ouahdi,DFMF,ma,Morocco,24,1.be Genk,2001,1,0,17,0.2,0,0,0,0,0,0,0,0,0,0,0,0,0
Azzedine Ounahi,MF,ma,Morocco,26,1.es Girona,2000,6,5,435,4.8,2,0,2,2,0,0,1,0,0.41,0,0.41,0.41,0.41
Soufiane Rahimi,FW,ma,Morocco,30,1.ae Al Ain,1996,6,0,163,1.8,2,1,3,2,0,0,0,0,1.1,0.55,1.66,1.1,1.66
Chadi Riad,DF,ma,Morocco,22,1.eng Crystal Palace,2003,4,4,344,3.8,0,1,1,0,0,0,0,0,0,0.26,0.26,0,0.26
Marwane Saâdane,DFMF,ma,Morocco,34,1.sa Al-Fateh,1992,1,0,4,0,0,0,0,0,0,0,0,0,0,0,0,0,0
Ismael Saibari,FW,ma,Morocco,25,1.nl PSV,2001,5,5,381,4.2,3,0,3,3,0,0,0,0,0.71,0,0.71,0.71,0.71
Anass Salah-Eddine,DF,ma,Morocco,24,1.nl PSV,2002,4,2,212,2.4,0,0,0,0,0,0,0,0,0,0,0,0,0
Amine Sbai,FWMF,ma,Morocco,25,1.fr Angers,2000,1,0,6,0.1,0,0,0,0,0,0,0,0,0,0,0,0,0
Chemsdine Talbi,MF,ma,Morocco,21,1.eng Sunderland,2005,5,1,179,2,0,1,1,0,0,0,0,0,0,0.5,0.5,0,0.5
Gessime Yassine,MF,ma,Morocco,20,1.fr Strasbourg,2005,3,0,80,0.9,1,0,1,1,0,0,0,0,1.13,0,1.13,1.13,1.13
Roberto Alvarado,FWMF,mx,Mexico,27,1.mx Guadalajara,1998,5,5,428,4.8,0,3,3,0,0,0,0,0,0,0.63,0.63,0,0.63
Edson Álvarez,MFDF,mx,Mexico,28,1.eng West Ham,1997,4,2,240,2.7,0,0,0,0,0,0,1,0,0,0,0,0,0
Luis Chávez,MF,mx,Mexico,30,1.ru Dynamo Moskva,1996,1,0,25,0.3,0,0,0,0,0,0,0,0,0,0,0,0,0
Mateo Chávez,DF,mx,Mexico,22,1.nl AZ Alkmaar,2004,1,1,77,0.9,1,0,1,1,0,0,0,0,1.17,0,1.17,1.17,1.17
Álvaro Fidalgo,MF,mx,Mexico,29,1.es Real Betis,1997,3,1,96,1.1,1,0,1,1,0,0,0,0,0.94,0,0.94,0.94,0.94
Jesús Gallardo,DF,mx,Mexico,31,1.mx Toluca,1994,5,4,373,4.1,0,0,0,0,0,0,0,0,0,0,0,0,0
Santiago Giménez,FW,mx,Mexico,25,1.it Milan,2001,4,0,86,1,0,0,0,0,0,0,0,0,0,0,0,0,0
Armando González,FW,mx,Mexico,23,1.mx Guadalajara,2003,1,0,15,0.2,0,0,0,0,0,0,0,0,0,0,0,0,0
Brian Gutiérrez,MF,mx,Mexico,22,1.mx Guadalajara,2003,4,2,198,2.2,0,0,0,0,0,0,1,0,0,0,0,0,0
César Huerta,FWMF,mx,Mexico,25,1.be Anderlecht,2000,1,0,7,0.1,0,0,0,0,0,0,0,0,0,0,0,0,0
Raúl Jiménez,FW,mx,Mexico,35,1.eng Fulham,1991,4,4,317,3.5,3,0,3,2,1,1,0,0,0.85,0,0.85,0.57,0.57
Erik Lira,MF,mx,Mexico,26,1.mx Cruz Azul,2000,4,4,345,3.8,0,1,1,0,0,0,0,0,0,0.26,0.26,0,0.26
Guillermo Martínez Ayala,FW,mx,Mexico,31,1.mx UNAM,1995,2,1,72,0.8,0,0,0,0,0,0,0,0,0,0,0,0,0
César Montes,DF,mx,Mexico,29,1.ru Loko Moscow,1997,4,4,314,3.5,0,0,0,0,0,0,0,1,0,0,0,0,0
Gilberto Mora,MF,mx,Mexico,17,1.mx Tijuana,2008,4,3,213,2.4,0,0,0,0,0,0,0,0,0,0,0,0,0
Guillermo Ochoa,GK,mx,Mexico,40,1.cy AEL Limassol,1985,1,0,13,0.1,0,0,0,0,0,0,0,0,0,0,0,0,0
Orbelín Pineda,FWMF,mx,Mexico,30,1.gr AEK Athens,1996,2,0,31,0.3,0,0,0,0,0,0,0,0,0,0,0,0,0
Julián Quiñones,FWMF,mx,Mexico,29,1.sa Al-Qadsiah,1997,5,5,410,4.6,4,1,5,4,0,0,0,0,0.88,0.22,1.1,0.88,1.1
Raúl Rangel,GK,mx,Mexico,26,1.mx Guadalajara,2000,5,5,437,4.9,0,0,0,0,0,0,0,0,0,0,0,0,0
Israel Reyes,DF,mx,Mexico,26,1.mx América,2000,4,2,202,2.2,0,0,0,0,0,0,0,0,0,0,0,0,0
Luis Romo,MF,mx,Mexico,31,1.mx Guadalajara,1995,4,4,264,2.9,1,1,2,1,0,0,0,0,0.34,0.34,0.68,0.34,0.68
Jorge Sánchez,DF,mx,Mexico,28,1.gr PAOK,1997,4,4,348,3.9,0,1,1,0,0,0,1,0,0,0.26,0.26,0,0.26
Obed Vargas,MF,mx,Mexico,20,1.es Atlético Madrid,2005,3,0,66,0.7,0,0,0,0,0,0,0,0,0,0,0,0,0
Johan Vásquez,DF,mx,Mexico,27,1.it Genoa,1998,4,4,360,4,0,0,0,0,0,0,1,0,0,0,0,0,0
Alexis Vega,FWMF,mx,Mexico,28,1.mx Toluca,1997,1,0,12,0.1,0,0,0,0,0,0,0,0,0,0,0,0,0
Nathan Aké,DF,nl,Netherlands,31,1.eng Manchester City,1995,3,2,170,1.9,0,0,0,0,0,0,0,0,0,0,0,0,0
Brian Brobbey,FW,nl,Netherlands,24,1.eng Sunderland,2002,4,3,223,2.5,3,0,3,3,0,0,0,0,1.21,0,1.21,1.21,1.21
Denzel Dumfries,DFMF,nl,Netherlands,30,1.it Inter,1996,4,4,390,4.3,0,2,2,0,0,0,0,0,0,0.46,0.46,0,0.46
Cody Gakpo,FW,nl,Netherlands,27,1.eng Liverpool,1999,4,4,368,4.1,3,1,4,3,0,0,0,0,0.73,0.24,0.98,0.73,0.98
Ryan Gravenberch,MF,nl,Netherlands,24,1.eng Liverpool,2002,4,4,345,3.8,0,2,2,0,0,0,0,0,0,0.52,0.52,0,0.52
Jorrel Hato,DF,nl,Netherlands,20,1.eng Chelsea,2006,1,0,35,0.4,0,0,0,0,0,0,0,0,0,0,0,0,0
Jan Paul van Hecke,DF,nl,Netherlands,26,1.eng Brighton,2000,4,4,390,4.3,1,0,1,1,0,0,0,0,0.23,0,0.23,0.23,0.23
Frenkie de Jong,MF,nl,Netherlands,29,1.es Barcelona,1997,4,4,328,3.6,0,0,0,0,0,0,0,0,0,0,0,0,0
Justin Kluivert,FWMF,nl,Netherlands,27,1.eng Bournemouth,1999,2,0,27,0.3,0,0,0,0,0,0,0,0,0,0,0,0,0
Teun Koopmeiners,DFMF,nl,Netherlands,28,1.it Juventus,1998,4,0,122,1.4,0,0,0,0,0,0,0,0,0,0,0,0,0
Noa Lang,FWMF,nl,Netherlands,26,1.tr Galatasaray,1999,2,0,8,0.1,0,0,0,0,0,0,0,0,0,0,0,0,0
Donyell Malen,FW,nl,Netherlands,27,1.it Roma,1999,3,3,185,2.1,0,0,0,0,0,0,0,0,0,0,0,0,0
Memphis,FWMF,nl,Netherlands,32,1.br Corinthians,1994,3,0,54,0.6,0,1,1,0,0,0,1,0,0,1.67,1.67,0,1.67
Tijjani Reijnders,MF,nl,Netherlands,27,1.eng Manchester City,1998,3,3,199,2.2,0,1,1,0,0,0,0,0,0,0.45,0.45,0,0.45
Marten de Roon,DFMF,nl,Netherlands,35,1.it Atalanta,1991,1,0,11,0.1,0,0,0,0,0,0,0,0,0,0,0,0,0
Crysencio Summerville,FW,nl,Netherlands,24,1.eng West Ham,2001,4,2,253,2.8,2,2,4,2,0,0,1,0,0.71,0.71,1.42,0.71,1.42
Guus Til,FWMF,nl,Netherlands,28,1.nl PSV,1997,1,0,32,0.4,0,0,0,0,0,0,0,0,0,0,0,0,0
Quinten Timber,MF,nl,Netherlands,24,1.fr Marseille,2001,2,0,55,0.6,0,0,0,0,0,0,0,0,0,0,0,0,0
Virgil van Dijk,DF,nl,Netherlands,34,1.eng Liverpool,1991,4,4,390,4.3,1,1,2,1,0,0,0,0,0.23,0.23,0.46,0.23,0.46
Micky van de Ven,DFMF,nl,Netherlands,25,1.eng Tottenham,2001,3,3,265,2.9,0,0,0,0,0,0,1,0,0,0,0,0,0
Bart Verbruggen,GK,nl,Netherlands,23,1.eng Brighton,2002,4,4,390,4.3,0,0,0,0,0,0,0,0,0,0,0,0,0
Wout Weghorst,FW,nl,Netherlands,33,1.nl Ajax,1992,1,0,50,0.6,0,0,0,0,0,0,0,0,0,0,0,0,0
Thelo Aasgaard,MF,no,Norway,24,1.sct Rangers,2002,1,1,90,1,1,0,1,1,0,0,0,0,1,0,1,1,1
Kristoffer Ajer,DF,no,Norway,28,1.eng Brentford,1998,5,5,480,5.3,0,0,0,0,0,0,1,0,0,0,0,0,0
Fredrik André Bjørkan,DF,no,Norway,27,1.no Bodø/Glimt,1998,1,1,45,0.5,0,0,0,0,0,0,0,0,0,0,0,0,0
Fredrik Aursnes,MFDF,no,Norway,30,1.pt Benfica,1995,6,3,304,3.4,0,0,0,0,0,0,0,0,0,0,0,0,0
Patrick Berg,MF,no,Norway,28,1.no Bodø/Glimt,1997,6,4,445,4.9,0,2,2,0,0,0,1,0,0,0.4,0.4,0,0.4
Sander Berge,MF,no,Norway,28,1.eng Fulham,1998,5,5,480,5.3,0,0,0,0,0,0,0,0,0,0,0,0,0
Oscar Bobb,FW,no,Norway,22,1.eng Fulham,2003,6,1,225,2.5,0,0,0,0,0,0,0,0,0,0,0,0,0
Henrik Falchener,DF,no,Norway,23,1.no Viking,2003,1,1,65,0.7,0,0,0,0,0,0,0,0,0,0,0,0,0
Erling Haaland,FW,no,Norway,25,1.eng Manchester City,2000,5,5,465,5.2,7,0,7,7,0,0,0,0,1.35,0,1.35,1.35,1.35
Torbjørn Heggem,DF,no,Norway,27,1.it Bologna,1999,5,5,443,4.9,0,0,0,0,0,0,0,0,0,0,0,0,0
Sondre Langås,DF,no,Norway,25,2.eng Derby County,2001,1,0,25,0.3,0,0,0,0,0,0,0,0,0,0,0,0,0
David Møller Wolfe,DF,no,Norway,24,1.eng Wolves,2002,5,5,430,4.8,0,1,1,0,0,0,0,0,0,0.21,0.21,0,0.21
Antonio Nusa,FW,no,Norway,21,1.de RB Leipzig,2005,6,4,318,3.5,1,0,1,1,0,0,1,0,0.28,0,0.28,0.28,0.28
Ørjan Nyland,GK,no,Norway,35,1.es Sevilla,1990,5,5,480,5.3,0,0,0,0,0,0,0,0,0,0,0,0,0
Marcus Pedersen,DF,no,Norway,25,1.it Torino,2000,4,1,236,2.6,1,0,1,1,0,0,0,0,0.38,0,0.38,0.38,0.38
Jens Petter Hauge,DFFW,no,Norway,26,1.no Bodø/Glimt,1999,1,0,8,0.1,0,0,0,0,0,0,0,0,0,0,0,0,0
Julian Ryerson,DF,no,Norway,28,1.de Dortmund,1997,4,4,223,2.5,0,0,0,0,0,0,0,0,0,0,0,0,0
Andreas Schjelderup,FW,no,Norway,22,1.pt Benfica,2004,6,2,252,2.8,1,3,4,1,0,0,0,0,0.36,1.07,1.43,0.36,1.43
Egil Selvik,GK,no,Norway,28,2.eng Watford,1997,1,1,90,1,0,0,0,0,0,0,0,0,0,0,0,0,0
Jørgen Strand Larsen,FW,no,Norway,26,1.eng Crystal Palace,2000,2,1,105,1.2,0,0,0,0,0,1,0,0,0,0,0,0,0
Alexander Sørloth,FW,no,Norway,30,1.es Atlético Madrid,1995,5,5,337,3.7,0,0,0,0,0,0,0,0,0,0,0,0,0
Morten Thorsby,MF,no,Norway,30,1.it Cremonese,1996,1,0,45,0.5,0,0,0,0,0,0,0,0,0,0,0,0,0
Kristian Thorstvedt,MF,no,Norway,27,1.it Sassuolo,1999,2,1,63,0.7,0,0,0,0,0,0,0,0,0,0,0,0,0
Martin Ødegaard,MF,no,Norway,27,1.eng Arsenal,1998,5,5,470,5.2,0,4,4,0,0,0,0,0,0,0.77,0.77,0,0.77
Leo Østigård,DF,no,Norway,26,1.it Genoa,1999,5,1,146,1.6,1,0,1,1,0,0,0,0,0.62,0,0.62,0.62,0.62
Joe Bell,MF,nz,New Zealand,27,1.no Viking,1999,3,3,243,2.7,0,0,0,0,0,0,0,0,0,0,0,0,0
Tyler Bindon,DF,nz,New Zealand,21,2.eng Sheffield United,2005,3,1,97,1.1,0,0,0,0,0,0,0,0,0,0,0,0,0
Michael Boxall,DF,nz,New Zealand,37,1.us Minnesota Utd,1988,3,2,207,2.3,0,0,0,0,0,0,0,0,0,0,0,0,0
Liberato Cacace,DF,nz,New Zealand,25,2.eng Wrexham,2000,3,3,220,2.4,0,0,0,0,0,0,0,0,0,0,0,0,0
Max Crocombe,GK,nz,New Zealand,32,2.eng Millwall,1993,3,3,270,3,0,0,0,0,0,0,0,0,0,0,0,0,0
Callan Elliot,DF,nz,New Zealand,26,1.au Auckland FC,1999,1,0,13,0.1,0,0,0,0,0,0,0,0,0,0,0,0,0
Elijah Just,MF,nz,New Zealand,26,1.sct Motherwell,2000,3,3,264,2.9,3,0,3,3,0,0,1,0,1.02,0,1.02,1.02,1.02
Callum McCowatt,MF,nz,New Zealand,27,1.dk Silkeborg,1999,3,2,159,1.8,0,0,0,0,0,0,1,0,0,0,0,0,0
Ben Old,MF,nz,New Zealand,23,2.fr Saint-Étienne,2002,3,0,93,1,0,0,0,0,0,0,0,0,0,0,0,0,0
Tim Payne,DF,nz,New Zealand,32,1.au Wellington,1994,3,3,224,2.5,0,1,1,0,0,0,0,0,0,0.4,0.4,0,0.4
Jesse Randall,MF,nz,New Zealand,23,1.au Auckland FC,2002,3,0,61,0.7,0,0,0,0,0,0,0,0,0,0,0,0,0
Sarpreet Singh,MF,nz,New Zealand,27,1.au Wellington,1999,3,3,209,2.3,0,0,0,0,0,0,1,0,0,0,0,0,0
Marko Stamenic,MF,nz,New Zealand,24,2.eng Swansea City,2002,3,3,269,3,0,0,0,0,0,0,1,0,0,0,0,0,0
Finn Surman,DF,nz,New Zealand,22,1.us Portland Timbers,2003,3,3,270,3,1,0,1,1,0,0,0,0,0.33,0,0.33,0.33,0.33
Ryan Thomas,MF,nz,New Zealand,31,1.nl Zwolle,1994,3,1,83,0.9,0,0,0,0,0,0,0,0,0,0,0,0,0
Francis de Vries,DF,nz,New Zealand,31,1.au Auckland FC,1994,2,0,18,0.2,0,0,0,0,0,0,0,0,0,0,0,0,0
Chris Wood,FW,nz,New Zealand,34,1.eng Nottingham,1991,3,3,270,3,0,2,2,0,0,0,0,0,0,0.67,0.67,0,0.67
Michael Amir Murillo,DFMF,pa,Panama,30,1.tr Beşiktaş,1996,3,3,270,3,0,0,0,0,0,0,0,0,0,0,0,0,0
Andrés Andrade Cedeño,DF,pa,Panama,27,1.at LASK,1998,3,3,270,3,0,0,0,0,0,0,1,0,0,0,0,0,0
Yoel Bárcenas,MF,pa,Panama,32,1.mx Mazatlán,1993,3,3,249,2.8,0,0,0,0,0,0,1,0,0,0,0,0,0
César Blackman,MFDF,pa,Panama,28,1.sk Slovan Bratislava,1998,2,2,178,2,0,0,0,0,0,0,1,0,0,0,0,0,0
José Córdoba,DF,pa,Panama,25,2.eng Norwich City,2001,3,3,270,3,0,0,0,0,0,0,0,0,0,0,0,0,0
Erick Davis,DF,pa,Panama,35,1.pa Plaza Amador,1991,2,0,4,0,0,0,0,0,0,0,0,0,0,0,0,0,0
Ismael Díaz,FWMF,pa,Panama,29,1.mx León,1997,2,0,37,0.4,0,0,0,0,0,0,0,0,0,0,0,0,0
Fidel Escobar,DF,pa,Panama,31,1.cr Saprissa,1995,1,1,90,1,0,0,0,0,0,0,0,0,0,0,0,0,0
José Fajardo,FW,pa,Panama,32,1.ec Univ Católica,1993,3,1,155,1.7,0,0,0,0,0,0,1,0,0,0,0,0,0
Aníbal Godoy,MF,pa,Panama,36,1.us San Diego FC,1990,1,0,1,0,0,0,0,0,0,0,0,0,0,0,0,0,0
Jorge Gutiérrez,DF,pa,Panama,27,1.ve Dep. La Guaira,1998,1,1,87,1,0,0,0,0,0,0,0,0,0,0,0,0,0
Carlos Harvey,MF,pa,Panama,26,1.us Minnesota Utd,2000,3,3,267,3,0,0,0,0,0,0,1,0,0,0,0,0,0
Azarías Londoño,MF,pa,Panama,24,1.ec Univ Católica,2001,3,0,56,0.6,0,0,0,0,0,0,0,0,0,0,0,0,0
José Luis Rodríguez,MFFW,pa,Panama,27,1.mx FC Juárez,1998,3,3,233,2.6,0,0,0,0,0,0,0,0,0,0,0,0,0
Cristian Martínez,MFFW,pa,Panama,29,1.il Kiryat Shmona,1997,3,3,242,2.7,0,0,0,0,0,0,0,0,0,0,0,0,0
Orlando Mosquera,GK,pa,Panama,31,1.sa Al-Fayha,1994,3,3,270,3,0,0,0,0,0,0,0,0,0,0,0,0,0
Alberto Quintero,FWMF,pa,Panama,38,1.pa Plaza Amador,1987,1,0,3,0,0,0,0,0,0,0,0,0,0,0,0,0,0
Jiovany Ramos,DF,pa,Panama,29,1.ve Puerto Cabello,1997,2,2,166,1.8,0,0,0,0,0,0,0,0,0,0,0,0,0
Tomás Rodríguez,FW,pa,Panama,27,1.cr Saprissa,1999,2,1,46,0.5,0,0,0,0,0,0,0,0,0,0,0,0,0
Cecilio Waterman,FW,pa,Panama,35,1.cl U Concepción,1991,2,1,76,0.8,0,0,0,0,0,0,0,0,0,0,0,0,0
Tomás Araújo,DF,pt,Portugal,24,1.pt Benfica,2002,1,1,90,1,0,0,0,0,0,0,1,0,0,0,0,0,0
João Cancelo,DF,pt,Portugal,32,1.es Barcelona,1994,5,5,312,3.5,0,1,1,0,0,0,0,0,0,0.29,0.29,0,0.29
Francisco Conceição,MF,pt,Portugal,23,1.it Juventus,2002,4,0,126,1.4,0,0,0,0,0,0,0,0,0,0,0,0,0
Diogo Costa,GK,pt,Portugal,26,1.pt Porto,1999,5,5,450,5,0,0,0,0,0,0,0,0,0,0,0,0,0
Samu Costa,MF,pt,Portugal,25,1.es Mallorca,2000,1,0,21,0.2,0,0,0,0,0,0,0,0,0,0,0,0,0
Diogo Dalot,DFMF,pt,Portugal,27,1.eng Manchester Utd,1999,2,0,65,0.7,0,0,0,0,0,0,0,0,0,0,0,0,0
Rúben Dias,DF,pt,Portugal,29,1.eng Manchester City,1997,4,4,360,4,0,0,0,0,0,0,1,0,0,0,0,0,0
João Félix,MF,pt,Portugal,26,1.sa Al-Nassr,1999,3,3,201,2.2,0,0,0,0,0,0,0,0,0,0,0,0,0
Bruno Fernandes,MF,pt,Portugal,31,1.eng Manchester Utd,1994,5,5,422,4.7,0,1,1,0,0,0,0,0,0,0.21,0.21,0,0.21
Rafael Leão,MF,pt,Portugal,27,1.it Milan,1999,5,1,158,1.8,1,1,2,1,0,0,0,0,0.57,0.57,1.14,0.57,1.14
Nuno Mendes,DF,pt,Portugal,23,1.fr Paris SG,2002,5,5,395,4.4,1,0,1,1,0,0,0,0,0.23,0,0.23,0.23,0.23
Pedro Neto,MF,pt,Portugal,26,1.eng Chelsea,2000,5,5,350,3.9,0,1,1,0,0,0,0,0,0,0.26,0.26,0,0.26
João Neves,MF,pt,Portugal,21,1.fr Paris SG,2004,5,4,390,4.3,1,0,1,1,0,0,0,0,0.23,0,0.23,0.23,0.23
Rúben Neves,MF,pt,Portugal,29,1.sa Al-Hilal,1997,2,1,55,0.6,0,0,0,0,0,0,0,0,0,0,0,0,0
Matheus Nunes,DFMF,pt,Portugal,27,1.eng Manchester City,1998,1,0,1,0,0,0,0,0,0,0,0,0,0,0,0,0,0
Gonçalo Ramos,FW,pt,Portugal,24,1.fr Paris SG,2001,2,0,36,0.4,1,0,1,1,0,0,0,0,2.5,0,2.5,2.5,2.5
Cristiano Ronaldo,FW,pt,Portugal,41,1.sa Al-Nassr,1985,5,5,440,4.9,3,0,3,2,1,1,0,0,0.61,0,0.61,0.41,0.41
Nélson Semedo,DFMF,pt,Portugal,32,1.tr Fenerbahçe,1993,4,0,127,1.4,0,0,0,0,0,0,1,0,0,0,0,0,0
Bernardo Silva,MF,pt,Portugal,31,1.eng Manchester City,1994,4,1,97,1.1,0,0,0,0,0,0,2,0,0,0,0,0,0
Francisco Trincão,FWMF,pt,Portugal,26,1.pt Sporting CP,1999,1,0,28,0.3,0,0,0,0,0,0,0,0,0,0,0,0,0
Renato Veiga,DF,pt,Portugal,22,1.es Villarreal,2003,5,5,450,5,0,0,0,0,0,0,2,0,0,0,0,0,0
Vitinha,MF,pt,Portugal,26,1.fr Paris SG,2000,5,5,376,4.2,0,0,0,0,0,0,0,0,0,0,0,0,0
Omar Alderete,DF,py,Paraguay,29,1.eng Sunderland,1996,4,4,320,3.6,0,0,0,0,0,0,0,0,0,0,0,0,0
Miguel Almirón,MFFW,py,Paraguay,32,1.us Atlanta Utd,1994,4,4,282,3.1,0,0,0,0,0,0,1,1,0,0,0,0,0
Júnior Alonso,DF,py,Paraguay,33,1.br Atlético Mineiro,1993,5,4,390,4.3,0,0,0,0,0,0,1,0,0,0,0,0,0
Álex Arce,FW,py,Paraguay,30,1.ar Ind. Rivadavia,1995,2,0,53,0.6,0,0,0,0,0,0,1,0,0,0,0,0,0
Gabriel Ávalos,FW,py,Paraguay,35,1.ar Independiente,1990,4,2,141,1.6,0,0,0,0,0,0,0,0,0,0,0,0,0
Fabián Balbuena,DF,py,Paraguay,34,1.br Grêmio,1991,1,0,1,0,0,0,0,0,0,0,0,0,0,0,0,0,0
Damián Bobadilla,MF,py,Paraguay,24,1.br São Paulo,2001,4,2,189,2.1,0,0,0,0,0,0,0,0,0,0,0,0,0
Gustavo Caballero,FWMF,py,Paraguay,24,2.eng Portsmouth,2001,2,0,96,1.1,0,0,0,0,0,0,0,0,0,0,0,0,0
Juan Cáceres,DF,py,Paraguay,26,1.ru Dynamo Moskva,2000,5,5,436,4.8,0,0,0,0,0,0,1,0,0,0,0,0,0
José Canale,DF,py,Paraguay,29,1.ar Lanús,1996,4,1,161,1.8,0,0,0,0,0,0,0,0,0,0,0,0,0
Andrés Cubas,MF,py,Paraguay,30,1.us Vancouver,1996,5,5,480,5.3,0,0,0,0,0,0,1,0,0,0,0,0,0
Julio Enciso,FW,py,Paraguay,22,1.fr Strasbourg,2004,5,5,386,4.3,1,2,3,1,0,0,0,0,0.23,0.47,0.7,0.23,0.7
Matías Galarza,MF,py,Paraguay,24,1.us Atlanta Utd,2002,4,4,388,4.3,1,1,2,1,0,0,2,0,0.23,0.23,0.46,0.23,0.46
Orlando Gill,GK,py,Paraguay,26,1.py San Lorenzo,2000,5,5,480,5.3,0,0,0,0,0,0,0,0,0,0,0,0,0
Diego Gómez,MF,py,Paraguay,23,1.eng Brighton,2003,4,4,304,3.4,0,0,0,0,0,0,2,0,0,0,0,0,0
Gustavo Gómez,DF,py,Paraguay,33,1.br Palmeiras,1993,5,5,480,5.3,0,0,0,0,0,0,0,0,0,0,0,0,0
Kaku,MF,py,Paraguay,31,1.ae Al Ain,1995,1,0,11,0.1,0,0,0,0,0,0,0,0,0,0,0,0,0
Alexandro Maidana,DF,py,Paraguay,20,1.ar Talleres–C,2005,2,1,55,0.6,0,0,0,0,0,0,0,0,0,0,0,0,0
Mauricio,MF,py,Paraguay,25,1.br Palmeiras,2001,4,0,173,1.9,1,0,1,1,0,0,0,0,0.52,0,0.52,0.52,0.52
Braian Ojeda,MF,py,Paraguay,25,1.us Orlando City,2000,1,0,22,0.2,0,0,0,0,0,0,0,0,0,0,0,0,0
Isidro Pitta,FW,py,Paraguay,26,1.br RB Bragantino,1999,1,1,45,0.5,0,0,0,0,0,0,0,0,0,0,0,0,0
Antonio Sanabria,FW,py,Paraguay,30,1.it Cremonese,1996,2,1,83,0.9,0,0,0,0,0,0,0,0,0,0,0,0,0
Ramón Sosa,FWMF,py,Paraguay,26,1.br Palmeiras,1999,1,0,12,0.1,0,0,0,0,0,0,0,0,0,0,0,0,0
Gustavo Velásquez,DF,py,Paraguay,35,1.py Cerro Porteño,1991,5,2,246,2.7,0,0,0,0,0,0,0,0,0,0,0,0,0
Yusuf Abdurisag,FW,qa,Qatar,26,1.qa Al-Wakrah,1999,2,2,98,1.1,0,0,0,0,0,0,0,0,0,0,0,0,0
Mahmoud Abunada,GK,qa,Qatar,26,1.qa Al Rayyan SC,2000,3,3,270,3,0,0,0,0,0,0,1,0,0,0,0,0,0
Akram Afif,FWMF,qa,Qatar,29,1.qa Al Sadd,1996,3,3,238,2.6,0,0,0,0,0,0,0,0,0,0,0,0,0
Homam Ahmed,DF,qa,Qatar,26,2.es Cultural Leonesa,1999,2,2,122,1.4,0,1,1,0,0,0,0,1,0,0.74,0.74,0,0.74
Ahmed Alaaeldin,FW,qa,Qatar,33,1.qa Al Rayyan SC,1993,2,0,43,0.5,0,0,0,0,0,0,0,0,0,0,0,0,0
Almoez Ali,FW,qa,Qatar,29,1.qa Al Duhail SC,1996,1,0,19,0.2,0,0,0,0,0,0,0,0,0,0,0,0,0
Karim Boudiaf,MF,qa,Qatar,35,1.qa Al Duhail SC,1990,2,1,102,1.1,0,0,0,0,0,0,0,0,0,0,0,0,0
Sultan Al-Brake,DF,qa,Qatar,30,1.qa Al Duhail SC,1996,2,1,141,1.6,0,0,0,0,0,0,0,0,0,0,0,0,0
Ahmed Fathy,MF,qa,Qatar,33,1.qa Al-Arabi,1993,3,1,150,1.7,0,0,0,0,0,0,2,0,0,0,0,0,0
Jassem Gaber,MF,qa,Qatar,24,1.qa Al Rayyan SC,2002,3,3,149,1.7,0,0,0,0,0,0,1,0,0,0,0,0,0
Ahmed Al-Ganehi,FW,qa,Qatar,25,1.qa Al-Gharafa Sports Club,2000,1,0,36,0.4,0,0,0,0,0,0,0,0,0,0,0,0,0
Abdulaziz Hatem,MF,qa,Qatar,36,1.qa Al Rayyan SC,1990,1,0,45,0.5,0,0,0,0,0,0,0,0,0,0,0,0,0
Hassan Al-Haydos,MF,qa,Qatar,35,1.qa Al Sadd,1990,2,1,57,0.6,1,0,1,1,0,0,0,0,1.58,0,1.58,1.58,1.58
Al-Hashmi Al-Hussain,MF,qa,Qatar,22,1.qa Al-Arabi,2003,1,0,32,0.4,0,0,0,0,0,0,0,0,0,0,0,0,0
Edmilson Junior,MFFW,qa,Qatar,31,1.qa Al Duhail SC,1994,3,3,210,2.3,0,1,1,0,0,0,0,0,0,0.43,0.43,0,0.43
Boualem Khoukhi,DF,qa,Qatar,35,1.qa Al Sadd,1990,3,3,270,3,1,0,1,1,0,0,0,0,0.33,0,0.33,0.33,0.33
Issa Laye,MFDF,qa,Qatar,28,1.qa Al-Arabi,1997,3,3,270,3,0,0,0,0,0,0,0,0,0,0,0,0,0
Assim Madibo,MF,qa,Qatar,29,1.qa Al-Wakrah,1996,2,2,131,1.5,0,0,0,0,0,0,0,1,0,0,0,0,0
Mohamed Manai,DF,qa,Qatar,23,1.qa Al-Shamal Sports Club,2002,3,0,69,0.8,0,0,0,0,0,0,0,0,0,0,0,0,0
Lucas Mendes,DF,qa,Qatar,35,1.qa Al-Wakrah,1990,1,0,4,0,0,0,0,0,0,0,0,0,0,0,0,0,0
Ayoub Al-Oui,DF,qa,Qatar,21,1.qa Al-Gharafa Sports Club,2005,2,2,149,1.7,0,0,0,0,0,0,0,0,0,0,0,0,0
Ró-Ró,DF,qa,Qatar,35,1.qa Al Sadd,1990,3,3,270,3,0,0,0,0,0,0,0,0,0,0,0,0,0
Saud Abdulhamid,DF,sa,Saudi Arabia,26,1.fr Lens,1999,3,3,269,3,0,0,0,0,0,0,1,0,0,0,0,0,0
Abdulelah Al-Amri,DF,sa,Saudi Arabia,29,,1997,3,3,239,2.7,1,0,1,1,0,0,1,0,0.38,0,0.38,0.38,0.38
Nawaf Boushal,DF,sa,Saudi Arabia,26,1.sa Al-Nassr,1999,2,1,91,1,0,0,0,0,0,0,0,0,0,0,0,0,0
Firas Al-Buraikan,FW,sa,Saudi Arabia,26,1.sa Al-Ahli,2000,3,3,238,2.6,0,0,0,0,0,0,1,0,0,0,0,0,0
Nasser Al-Dawsari,MF,sa,Saudi Arabia,27,1.sa Al-Hilal,1998,3,2,207,2.3,0,0,0,0,0,0,1,0,0,0,0,0,0
Salem Al-Dawsari,MF,sa,Saudi Arabia,34,1.sa Al-Hilal,1991,3,3,245,2.7,0,0,0,0,0,0,1,0,0,0,0,0,0
Khalid Al Ghannam,MF,sa,Saudi Arabia,25,1.sa Al-Ettifaq,2000,1,0,1,0,0,0,0,0,0,0,0,0,0,0,0,0,0
Abdullah Al-Hamdan,FW,sa,Saudi Arabia,26,1.sa Al-Nassr,1999,3,0,71,0.8,0,0,0,0,0,0,0,0,0,0,0,0,0
Moteb Al-Harbi,DF,sa,Saudi Arabia,26,1.sa Al-Hilal,2000,3,2,188,2.1,0,0,0,0,0,0,0,0,0,0,0,0,0
Alaa Al Hejji,MF,sa,Saudi Arabia,30,1.sa Neom,1995,2,0,32,0.4,0,0,0,0,0,0,0,0,0,0,0,0,0
Musab Al Juwayr,MFFW,sa,Saudi Arabia,22,1.sa Al-Qadsiah,2003,3,2,152,1.7,0,0,0,0,0,0,0,0,0,0,0,0,0
Mohamed Kanno,MF,sa,Saudi Arabia,31,1.sa Al-Hilal,1994,3,2,225,2.5,0,0,0,0,0,0,1,0,0,0,0,0,0
Abdullah Al-Khaibari,MF,sa,Saudi Arabia,29,1.sa Al-Nassr,1996,3,3,180,2,0,0,0,0,0,0,0,0,0,0,0,0,0
Ali Lajami,DF,sa,Saudi Arabia,30,1.sa Al-Hilal,1996,3,1,149,1.7,0,0,0,0,0,0,0,0,0,0,0,0,0
Sultan Mendash,MF,sa,Saudi Arabia,31,1.sa Al-Hilal,1994,1,1,65,0.7,0,0,0,0,0,0,0,0,0,0,0,0,0
Mohammed Al-Owais,GK,sa,Saudi Arabia,34,1.sa Al-Ula,1991,3,3,270,3,0,0,0,0,0,0,0,0,0,0,0,0,0
Mohammed Abu Al-Shamat,MF,sa,Saudi Arabia,23,1.sa Al-Qadsiah,2002,3,1,136,1.5,0,0,0,0,0,0,0,0,0,0,0,0,0
Hassan Al Tambakti,DF,sa,Saudi Arabia,27,1.sa Al-Hilal,1999,3,3,212,2.4,0,0,0,0,0,0,0,0,0,0,0,0,0
Ché Adams,FW,sct,Scotland,29,1.it Torino,1996,3,2,145,1.6,0,0,0,0,0,0,0,0,0,0,0,0,0
Ryan Christie,MF,sct,Scotland,31,1.eng Bournemouth,1995,3,1,95,1.1,0,0,0,0,0,0,1,0,0,0,0,0,0
Findlay Curtis,MF,sct,Scotland,19,1.sct Kilmarnock,2006,2,0,9,0.1,0,0,0,0,0,0,1,0,0,0,0,0,0
Lyndon Dykes,FWMF,sct,Scotland,30,2.eng Charlton Athletic,1995,2,0,36,0.4,0,0,0,0,0,0,0,0,0,0,0,0,0
Lewis Ferguson,MF,sct,Scotland,26,1.it Bologna,1999,3,3,270,3,0,0,0,0,0,0,0,0,0,0,0,0,0
Ben Gannon-Doak,MF,sct,Scotland,20,1.eng Bournemouth,2005,3,2,186,2.1,0,0,0,0,0,0,0,0,0,0,0,0,0
Angus Gunn,GK,sct,Scotland,30,1.eng Nottingham,1996,3,3,270,3,0,0,0,0,0,0,0,0,0,0,0,0,0
Grant Hanley,DF,sct,Scotland,34,1.sct Hibernian,1991,2,2,180,2,0,0,0,0,0,0,0,0,0,0,0,0,0
Jack Hendry,DF,sct,Scotland,31,1.sa Al-Ettifaq,1995,3,3,270,3,0,0,0,0,0,0,0,0,0,0,0,0,0
Aaron Hickey,DF,sct,Scotland,24,1.eng Brentford,2002,1,1,74,0.8,0,0,0,0,0,0,1,0,0,0,0,0,0
John McGinn,MF,sct,Scotland,31,1.eng Aston Villa,1994,3,3,259,2.9,1,0,1,1,0,0,0,0,0.35,0,0.35,0.35,0.35
Scott McKenna,DF,sct,Scotland,29,1.hr Dinamo Zagreb,1996,1,1,90,1,0,0,0,0,0,0,0,0,0,0,0,0,0
Kenny McLean,MF,sct,Scotland,34,2.eng Norwich City,1992,3,1,118,1.3,0,0,0,0,0,0,1,0,0,0,0,0,0
Scott McTominay,MF,sct,Scotland,29,1.it Napoli,1996,3,3,270,3,0,0,0,0,0,0,0,0,0,0,0,0,0
Nathan Patterson,DF,sct,Scotland,24,1.eng Everton,2001,3,2,185,2.1,0,0,0,0,0,0,0,0,0,0,0,0,0
Anthony Ralston,DF,sct,Scotland,27,1.sct Celtic,1998,2,0,11,0.1,0,0,0,0,0,0,0,0,0,0,0,0,0
Andy Robertson,DF,sct,Scotland,32,1.eng Liverpool,1994,3,3,225,2.5,0,0,0,0,0,0,1,0,0,0,0,0,0
Lawrence Shankland,FW,sct,Scotland,30,1.sct Hearts,1995,2,2,171,1.9,0,0,0,0,0,0,0,0,0,0,0,0,0
Ross Stewart,FW,sct,Scotland,29,2.eng Southampton,1996,1,0,2,0,0,0,0,0,0,0,0,0,0,0,0,0,0
Kieran Tierney,MF,sct,Scotland,29,1.sct Celtic,1997,2,1,104,1.2,0,0,0,0,0,0,0,0,0,0,0,0,0
Taha Ali,FWMF,se,Sweden,27,1.se Malmö,1998,2,0,37,0.4,0,0,0,0,0,0,0,0,0,0,0,0,0
Yasin Ayari,MF,se,Sweden,22,1.eng Brighton,2003,4,4,339,3.8,2,0,2,2,0,0,1,0,0.53,0,0.53,0.53,0.53
Lucas Bergvall,MF,se,Sweden,20,1.eng Tottenham,2006,4,1,181,2,0,1,1,0,0,0,1,0,0,0.5,0.5,0,0.5
Alexander Bernhardsson,MF,se,Sweden,27,2.de Holstein Kiel,1998,3,3,217,2.4,0,0,0,0,0,0,0,0,0,0,0,0,0
Anthony Elanga,MFFW,se,Sweden,24,1.eng Newcastle,2002,4,2,217,2.4,2,0,2,2,0,0,0,0,0.83,0,0.83,0.83,0.83
Gabriel Gudmundsson,MFDF,se,Sweden,27,1.eng Leeds United,1999,4,4,330,3.7,0,0,0,0,0,0,1,0,0,0,0,0,0
Viktor Gyökeres,FW,se,Sweden,28,1.eng Arsenal,1998,4,4,360,4,1,2,3,1,0,0,1,0,0.25,0.5,0.75,0.25,0.75
Isak Hien,DF,se,Sweden,27,1.it Atalanta,1999,3,3,216,2.4,0,0,0,0,0,0,1,0,0,0,0,0,0
Alexander Isak,FW,se,Sweden,26,1.eng Liverpool,1999,4,4,357,4,1,3,4,1,0,0,0,0,0.25,0.76,1.01,0.25,1.01
Jesper Karlström,MF,se,Sweden,30,1.it Udinese,1995,2,2,138,1.5,0,0,0,0,0,0,0,0,0,0,0,0,0
Gustaf Lagerbielke,DF,se,Sweden,26,1.pt Braga,2000,4,4,360,4,0,0,0,0,0,0,0,0,0,0,0,0,0
Victor Lindelöf,DFMF,se,Sweden,31,1.eng Aston Villa,1994,4,4,356,4,0,0,0,0,0,0,0,0,0,0,0,0,0
Gustaf Nilsson,FW,se,Sweden,29,1.be Club Brugge,1997,1,0,2,0,0,0,0,0,0,0,0,0,0,0,0,0,0
Kristoffer Nordfeldt,GK,se,Sweden,36,1.se AIK Stockholm,1989,2,2,180,2,0,0,0,0,0,0,0,0,0,0,0,0,0
Benjamin Nygren,MF,se,Sweden,24,1.sct Celtic,2001,4,2,130,1.4,0,0,0,0,0,0,0,0,0,0,0,0,0
Ken Sema,FWMF,se,Sweden,32,1.cy Pafos FC,1993,1,0,16,0.2,0,0,0,0,0,0,0,0,0,0,0,0,0
Carl Starfelt,DF,se,Sweden,31,1.es Celta Vigo,1995,1,0,4,0,0,0,0,0,0,0,0,0,0,0,0,0,0
Elliot Stroud,MF,se,Sweden,23,1.se Mjällby,2002,4,2,166,1.8,0,0,0,0,0,0,0,0,0,0,0,0,0
Mattias Svanberg,MF,se,Sweden,27,1.de Wolfsburg,1999,2,0,16,0.2,1,0,1,1,0,0,0,0,5.63,0,5.63,5.63,5.63
Daniel Svensson,DF,se,Sweden,24,1.de Dortmund,2002,3,1,98,1.1,0,0,0,0,0,0,0,0,0,0,0,0,0
Jacob Widell Zetterström,GK,se,Sweden,27,2.eng Derby County,1998,2,2,180,2,0,0,0,0,0,0,0,0,0,0,0,0,0
Besfort Zeneli,MF,se,Sweden,23,1.be Union SG,2002,2,0,60,0.7,0,0,0,0,0,0,0,0,0,0,0,0,0
Lamine Camara,MF,sn,Senegal,22,1.fr Monaco,2004,4,3,248,2.8,0,1,1,0,0,0,1,0,0,0.36,0.36,0,0.36
Pathé Ciss,DF,sn,Senegal,32,1.es Rayo Vallecano,1994,4,1,184,2,0,0,0,0,0,0,0,0,0,0,0,0,0
Assane Diao,MF,sn,Senegal,20,1.it Como,2005,1,0,10,0.1,0,0,0,0,0,0,0,0,0,0,0,0,0
Habib Diarra,MF,sn,Senegal,22,1.eng Sunderland,2004,3,2,143,1.6,2,0,2,2,0,0,0,0,1.26,0,1.26,1.26,1.26
Krépin Diatta,DF,sn,Senegal,27,1.fr Monaco,1999,4,4,390,4.3,0,0,0,0,0,0,0,0,0,0,0,0,0
Mory Diaw,GK,sn,Senegal,32,1.fr Le Havre,1993,3,2,238,2.6,0,0,0,0,0,0,0,0,0,0,0,0,0
Bamba Dieng,FW,sn,Senegal,26,1.fr Lorient,2000,1,0,8,0.1,0,0,0,0,0,0,0,0,0,0,0,0,0
El Hadji Malick Diouf,DF,sn,Senegal,21,1.eng West Ham,2004,3,2,171,1.9,0,0,0,0,0,0,0,0,0,0,0,0,0
Idrissa Gueye,MF,sn,Senegal,36,1.eng Everton,1989,4,4,361,4,0,0,0,0,0,0,0,0,0,0,0,0,0
Pape Gueye,MF,sn,Senegal,27,1.es Villarreal,1999,4,3,234,2.6,2,1,3,2,0,0,1,0,0.77,0.38,1.15,0.77,1.15
Nicolas Jackson,FW,sn,Senegal,24,1.de Bayern Munich,2001,4,2,234,2.6,0,1,1,0,0,0,0,0,0,0.38,0.38,0,0.38
Ismail Jakobs,DF,sn,Senegal,26,1.tr Galatasaray,1999,3,2,219,2.4,0,0,0,0,0,0,0,0,0,0,0,0,0
Kalidou Koulibaly,DF,sn,Senegal,34,1.sa Al-Hilal,1991,2,2,161,1.8,0,0,0,0,0,0,0,0,0,0,0,0,0
Sadio Mané,MFFW,sn,Senegal,34,1.sa Al-Nassr,1992,4,4,362,4,0,1,1,0,0,0,0,0,0,0.25,0.25,0,0.25
Pape Matar Sarr,MF,sn,Senegal,23,1.eng Tottenham,2002,2,0,67,0.7,0,0,0,0,0,0,0,0,0,0,0,0,0
Ibrahim Mbaye,MF,sn,Senegal,18,1.fr Paris SG,2008,4,1,157,1.7,1,0,1,1,0,0,0,0,0.57,0,0.57,0.57,0.57
Édouard Mendy,GK,sn,Senegal,34,1.sa Al-Ahli,1992,2,2,152,1.7,0,0,0,0,0,0,0,0,0,0,0,0,0
Iliman Ndiaye,FW,sn,Senegal,26,1.eng Everton,2000,3,1,114,1.3,1,2,3,1,0,0,0,0,0.79,1.58,2.37,0.79,2.37
Moussa Niakhaté,DF,sn,Senegal,30,1.fr Lyon,1996,4,4,390,4.3,0,1,1,0,0,0,0,0,0,0.23,0.23,0,0.23
Bara Sapoko Ndiaye,MF,sn,Senegal,18,1.de Bayern Munich,2007,1,0,26,0.3,0,0,0,0,0,0,0,0,0,0,0,0,0
Ismaila Sarr,MFFW,sn,Senegal,28,1.eng Crystal Palace,1998,4,4,364,4,4,1,5,4,0,0,0,0,0.99,0.25,1.24,0.99,1.24
Abdoulaye Seck,DF,sn,Senegal,34,1.il Maccabi Haifa,1992,1,1,57,0.6,0,1,1,0,0,0,1,0,0,1.58,1.58,0,1.58
Ali Abdi,DF,tn,Tunisia,32,1.fr Nice,1993,3,3,269,3,0,0,0,0,0,0,0,0,0,0,0,0,0
Elias Achouri,FWMF,tn,Tunisia,27,1.dk FC Copenhagen,1999,3,0,43,0.5,0,0,0,0,0,0,0,0,0,0,0,0,0
Mortadha Ben Ouanes,DFMF,tn,Tunisia,31,1.tr Kasımpaşa,1994,1,0,23,0.3,0,0,0,0,0,0,0,0,0,0,0,0,0
Anis Ben Slimane,MFFW,tn,Tunisia,25,2.eng Norwich City,2001,3,3,240,2.7,0,0,0,0,0,0,0,0,0,0,0,0,0
Dylan Bronn,DF,tn,Tunisia,30,1.ch Servette FC,1995,1,1,45,0.5,0,0,0,0,0,0,0,0,0,0,0,0,0
Mouhib Chamakh,GK,tn,Tunisia,24,1.tn Club Africain,2001,1,1,90,1,0,0,0,0,0,0,0,0,0,0,0,0,0
Firas Chaouat,FW,tn,Tunisia,30,1.tn Club Africain,1996,3,0,49,0.5,0,0,0,0,0,0,0,0,0,0,0,0,0
Aymen Dahmen,GK,tn,Tunisia,29,1.tn Ahly Sfaxien,1997,2,2,180,2,0,0,0,0,0,0,0,0,0,0,0,0,0
Ismaël Gharbi,MF,tn,Tunisia,22,1.de Augsburg,2004,3,1,127,1.4,0,0,0,0,0,0,0,0,0,0,0,0,0
Mohamed Amine Ben Hamida,DF,tn,Tunisia,30,1.tn Espérance Tunis,1995,3,2,202,2.2,0,0,0,0,0,0,0,0,0,0,0,0,0
Rani Khedira,MF,tn,Tunisia,32,1.de Union Berlin,1994,3,2,149,1.7,0,0,0,0,0,0,1,0,0,0,0,0,0
Hadj Mahmoud,MF,tn,Tunisia,26,1.ch Lugano,2000,2,0,43,0.5,0,0,0,0,0,0,0,0,0,0,0,0,0
Hazem Mastouri,FW,tn,Tunisia,28,1.ru D. Makhachkala,1997,1,1,89,1,1,0,1,1,0,0,0,0,1.01,0,1.01,1.01,1.01
Hannibal Mejbri,MF,tn,Tunisia,23,1.eng Burnley,2003,3,3,270,3,0,2,2,0,0,0,0,0,0,0.67,0.67,0,0.67
Omar Rekik,DF,tn,Tunisia,24,1.si NK Maribor,2001,2,2,180,2,1,0,1,1,0,0,0,0,0.5,0,0.5,0.5,0.5
Elias Saad,MFFW,tn,Tunisia,26,2.de Hannover 96,1999,2,2,116,1.3,0,0,0,0,0,0,0,0,0,0,0,0,0
Ellyes Skhiri,MFDF,tn,Tunisia,31,1.de Frankfurt,1995,3,3,250,2.8,0,0,0,0,0,0,0,0,0,0,0,0,0
Montassar Talbi,DF,tn,Tunisia,28,1.fr Lorient,1998,3,3,270,3,0,0,0,0,0,0,0,0,0,0,0,0,0
Sebastian Tounekti,FW,tn,Tunisia,23,1.sct Celtic,2002,3,1,84,0.9,0,0,0,0,0,0,0,0,0,0,0,0,0
Yan Valery,DF,tn,Tunisia,27,1.ch Young Boys,1999,3,3,251,2.8,0,0,0,0,0,0,0,0,0,0,0,0,0
Yunus Akgün,MF,tr,Türkiye,25,1.tr Galatasaray,2000,2,1,88,1,0,0,0,0,0,0,1,0,0,0,0,0,0
Kerem Aktürkoğlu,FW,tr,Türkiye,27,1.tr Fenerbahçe,1998,2,2,129,1.4,0,0,0,0,0,0,0,0,0,0,0,0,0
Barış Alper Yılmaz,MFFW,tr,Türkiye,26,1.tr Galatasaray,2000,3,2,179,2,1,1,2,1,0,0,0,0,0.5,0.5,1.01,0.5,1.01
Oğuz Aydın,DF,tr,Türkiye,25,1.tr Fenerbahçe,2000,1,1,89,1,0,0,0,0,0,0,0,0,0,0,0,0,0
Kaan Ayhan,DFMF,tr,Türkiye,31,1.tr Galatasaray,1994,1,0,3,0,1,0,1,1,0,0,0,0,30,0,30,30,30
Abdülkerim Bardakcı,DF,tr,Türkiye,31,1.tr Galatasaray,1994,3,3,265,2.9,0,0,0,0,0,0,0,0,0,0,0,0,0
Uğurcan Çakır,GK,tr,Türkiye,30,1.tr Galatasaray,1996,3,3,270,3,0,0,0,0,0,0,0,0,0,0,0,0,0
Hakan Çalhanoğlu,MF,tr,Türkiye,32,1.it Inter,1994,2,2,180,2,0,0,0,0,0,0,0,0,0,0,0,0,0
İrfan Can Kahveci,MF,tr,Türkiye,30,1.tr Kasımpaşa,1995,1,0,1,0,0,0,0,0,0,0,0,0,0,0,0,0,0
Zeki Çelik,DF,tr,Türkiye,29,1.it Roma,1997,2,2,163,1.8,0,0,0,0,0,0,0,0,0,0,0,0,0
Merih Demiral,DF,tr,Türkiye,28,1.sa Al-Ahli,1998,2,2,180,2,0,0,0,0,0,0,0,0,0,0,0,0,0
Eren Elmalı,DF,tr,Türkiye,25,1.tr Galatasaray,2000,2,1,111,1.2,0,0,0,0,0,0,1,0,0,0,0,0,0
Deniz Gül,FW,tr,Türkiye,21,1.pt Porto,2004,2,0,37,0.4,0,0,0,0,0,0,0,0,0,0,0,0,0
Arda Güler,MF,tr,Türkiye,21,1.es Real Madrid,2005,3,3,270,3,1,0,1,1,0,0,0,0,0.33,0,0.33,0.33,0.33
Ozan Kabak,DF,tr,Türkiye,26,1.de Hoffenheim,2000,1,1,90,1,0,0,0,0,0,0,0,0,0,0,0,0,0
Ferdi Kadioglu,DF,tr,Türkiye,26,1.eng Brighton,1999,2,2,159,1.8,0,0,0,0,0,0,0,0,0,0,0,0,0
Orkun Kökçü,MF,tr,Türkiye,25,1.tr Beşiktaş,2000,3,2,153,1.7,0,1,1,0,0,0,0,0,0,0.59,0.59,0,0.59
Mert Müldür,DF,tr,Türkiye,27,1.tr Fenerbahçe,1999,3,1,101,1.1,0,0,0,0,0,0,0,0,0,0,0,0,0
Salih Özcan,MF,tr,Türkiye,28,1.de Dortmund,1998,2,1,100,1.1,0,0,0,0,0,0,0,0,0,0,0,0,0
Çağlar Söyüncü,DF,tr,Türkiye,30,1.tr Fenerbahçe,1996,1,0,7,0.1,0,0,0,0,0,0,0,0,0,0,0,0,0
Can Uzun,MF,tr,Türkiye,20,1.de Frankfurt,2005,2,0,38,0.4,0,1,1,0,0,0,0,0,0,2.37,2.37,0,2.37
Kenan Yıldız,MF,tr,Türkiye,21,1.it Juventus,2005,3,2,218,2.4,0,0,0,0,0,0,0,0,0,0,0,0,0
İsmail Yüksek,MF,tr,Türkiye,27,1.tr Fenerbahçe,1999,2,2,139,1.5,0,0,0,0,0,0,0,0,0,0,0,0,0
Brenden Aaronson,MF,us,USA,25,1.eng Leeds United,2000,1,1,76,0.8,0,0,0,0,0,0,0,0,0,0,0,0,0
Tyler Adams,MF,us,USA,27,1.eng Bournemouth,1999,4,4,341,3.8,0,0,0,0,0,0,1,0,0,0,0,0,0
Max Arfsten,MF,us,USA,25,1.us Columbus Crew,2001,1,0,1,0,0,0,0,0,0,0,0,0,0,0,0,0,0
Folarin Balogun,FW,us,USA,24,1.fr Monaco,2001,4,4,312,3.5,3,0,3,3,0,0,1,1,0.87,0,0.87,0.87,0.87
Sebastian Berhalter,MF,us,USA,25,1.us Vancouver,2001,5,1,187,2.1,1,1,2,1,0,0,1,0,0.48,0.48,0.96,0.48,0.96
Sergiño Dest,MF,us,USA,25,1.nl PSV,2000,5,4,297,3.3,0,0,0,0,0,0,0,0,0,0,0,0,0
Alex Freeman,DF,us,USA,21,1.es Villarreal,2004,5,4,374,4.2,1,1,2,1,0,0,0,0,0.24,0.24,0.48,0.24,0.48
Matt Freese,GK,us,USA,27,1.us NYCFC,1998,4,4,360,4,0,0,0,0,0,0,0,0,0,0,0,0,0
Weston McKennie,MF,us,USA,27,1.it Juventus,1998,5,5,443,4.9,0,0,0,0,0,0,1,0,0,0,0,0,0
Mark McKenzie,DF,us,USA,27,1.fr Toulouse,1999,1,1,90,1,0,0,0,0,0,0,0,0,0,0,0,0,0
Ricardo Pepi,FW,us,USA,23,1.nl PSV,2003,5,2,204,2.3,0,0,0,0,0,0,0,0,0,0,0,0,0
Christian Pulisic,MF,us,USA,27,1.it Milan,1998,4,3,223,2.5,0,1,1,0,0,0,0,0,0,0.4,0.4,0,0.4
Tim Ream,DF,us,USA,38,1.us Charlotte,1987,4,4,360,4,0,0,0,0,0,0,0,0,0,0,0,0,0
Gio Reyna,MF,us,USA,23,1.de Gladbach,2002,5,1,131,1.5,1,0,1,1,0,0,0,0,0.69,0,0.69,0.69,0.69
Chris Richards,DF,us,USA,26,1.eng Crystal Palace,2000,4,4,360,4,0,0,0,0,0,0,1,0,0,0,0,0,0
Antonee Robinson,DFMF,us,USA,28,1.eng Fulham,1997,4,4,348,3.9,0,0,0,0,0,0,1,0,0,0,0,0,0
Miles Robinson,DF,us,USA,29,1.us FC Cincinnati,1997,1,1,90,1,0,0,0,0,0,0,0,0,0,0,0,0,0
Joe Scally,DF,us,USA,23,1.de Gladbach,2002,2,1,87,1,0,0,0,0,0,0,0,0,0,0,0,0,0
Malik Tillman,MF,us,USA,24,1.de Leverkusen,2002,5,4,356,4,2,1,3,2,0,0,1,0,0.51,0.25,0.76,0.51,0.76
Auston Trusty,DF,us,USA,27,1.sct Celtic,1998,2,1,101,1.1,1,0,1,1,0,0,0,0,0.89,0,0.89,0.89,0.89
Matt Turner,GK,us,USA,31,1.us NE Revolution,1994,1,1,90,1,0,0,0,0,0,0,0,0,0,0,0,0,0
Timothy Weah,MF,us,USA,26,1.fr Marseille,2000,2,1,76,0.8,0,0,0,0,0,0,0,0,0,0,0,0,0
Haji Wright,FWMF,us,USA,28,2.eng Coventry City,1998,2,0,2,0,0,0,0,0,0,0,0,0,0,0,0,0,0
Alejandro Zendejas,FWMF,us,USA,28,1.mx América,1998,1,0,14,0.2,0,0,0,0,0,0,0,0,0,0,0,0,0
Rodrigo Aguirre,FW,uy,Uruguay,31,1.mx América,1994,1,0,1,0,0,0,0,0,0,0,0,0,0,0,0,0,0
Maxi Araújo,FWMF,uy,Uruguay,26,1.pt Sporting CP,2000,3,3,250,2.8,2,1,3,2,0,0,0,0,0.72,0.36,1.08,0.72,1.08
Rodrigo Bentancur,MF,uy,Uruguay,28,1.eng Tottenham,1997,3,3,270,3,0,0,0,0,0,0,1,0,0,0,0,0,0
Sebastián Cáceres,DF,uy,Uruguay,26,1.mx América,1999,3,3,270,3,0,0,0,0,0,0,0,0,0,0,0,0,0
Agustín Canobbio,FW,uy,Uruguay,27,1.br Fluminense,1998,3,2,224,2.5,1,0,1,1,0,0,0,1,0.4,0,0.4,0.4,0.4
Nicolás De La Cruz,MF,uy,Uruguay,29,1.br Flamengo,1997,3,0,86,1,0,0,0,0,0,0,1,0,0,0,0,0,0
Juan Manuel Sanabria,DF,uy,Uruguay,26,1.mx Atlético San Luis,2000,3,2,204,2.3,0,0,0,0,0,0,1,0,0,0,0,0,0
Fernando Muslera,GK,uy,Uruguay,39,1.tr Galatasaray,1986,3,3,225,2.5,0,0,0,0,0,0,0,0,0,0,0,0,0
Darwin Núñez,FW,uy,Uruguay,26,1.sa Al-Hilal,1999,3,2,156,1.7,0,0,0,0,0,0,0,0,0,0,0,0,0
Mathías Olivera,DF,uy,Uruguay,28,1.it Napoli,1997,3,3,270,3,0,0,0,0,0,0,1,0,0,0,0,0,0
Sergio Rochet,GK,uy,Uruguay,33,1.br Internacional,1993,1,0,45,0.5,0,0,0,0,0,0,0,0,0,0,0,0,0
Brian Rodríguez,FWMF,uy,Uruguay,26,1.mx América,2000,3,0,41,0.5,0,0,0,0,0,0,0,0,0,0,0,0,0
Manuel Ugarte,MF,uy,Uruguay,25,1.eng Manchester Utd,2001,3,3,184,2,0,0,0,0,0,0,0,0,0,0,0,0,0
Federico Valverde,MF,uy,Uruguay,27,1.es Real Madrid,1998,3,3,236,2.6,0,0,0,0,0,0,0,0,0,0,0,0,0
Guillermo Varela,DF,uy,Uruguay,33,1.br Flamengo,1993,3,3,270,3,0,0,0,0,0,0,1,0,0,0,0,0,0
Matías Viña,DF,uy,Uruguay,28,1.br Flamengo,1997,1,1,45,0.5,0,0,0,0,0,0,0,0,0,0,0,0,0
Federico Viñas,FW,uy,Uruguay,27,1.es Oviedo,1998,3,2,192,2.1,0,0,0,0,0,0,0,0,0,0,0,0,0
Abdulla Abdullaev,DF,uz,Uzbekistan,28,1.ae Dibba Al Fujairah,1997,2,2,180,2,0,0,0,0,0,0,0,0,0,0,0,0,0
Khojiakbar Alijonov,MF,uz,Uzbekistan,29,1.uz Pakhtakor Tashkent FK,1997,2,1,135,1.5,0,0,0,0,0,0,0,0,0,0,0,0,0
Azizbek Amonov,FW,uz,Uzbekistan,28,1.uz FK Bukhara Nurafshon,1997,1,0,14,0.2,0,0,0,0,0,0,0,0,0,0,0,0,0
Rustam Ashurmatov,DF,uz,Uzbekistan,29,1.ir Esteghlal,1996,3,3,256,2.8,0,0,0,0,0,0,0,0,0,0,0,0,0
Sherzod Esanov,MF,uz,Uzbekistan,23,1.uz FK Bukhara Nurafshon,2003,1,0,1,0,0,0,0,0,0,0,0,0,0,0,0,0,0
Abbosbek Fayzullayev,MF,uz,Uzbekistan,22,1.tr Başakşehir,2003,3,3,220,2.4,1,0,1,1,0,0,0,0,0.41,0,0.41,0.41,0.41
Aziz Gʻaniyev,MF,uz,Uzbekistan,28,,1998,2,1,122,1.4,0,0,0,0,0,0,0,0,0,0,0,0,0
Odiljon Hamrobekov,MF,uz,Uzbekistan,30,1.ir Tractor,1996,2,1,77,0.9,0,0,0,0,0,0,1,0,0,0,0,0,0
Jamshid Iskanderov,FWMF,uz,Uzbekistan,32,1.uz Neftchi FK,1993,1,0,9,0.1,0,0,0,0,0,0,0,0,0,0,0,0,0
Ruslanbek Jiyanov,FW,uz,Uzbekistan,25,1.uz Navbahor,2001,1,0,1,0,0,0,0,0,0,0,0,0,0,0,0,0,0
Bekhruz Karimov,DF,uz,Uzbekistan,18,1.uz FC Surkhon,2007,2,2,179,2,0,0,0,0,0,0,0,0,0,0,0,0,0
Dostonbek Khamdamov,MF,uz,Uzbekistan,29,1.uz Pakhtakor Tashkent FK,1996,2,1,103,1.1,0,0,0,0,0,0,0,0,0,0,0,0,0
Abdukodir Khusanov,DF,uz,Uzbekistan,22,1.eng Manchester City,2004,3,3,270,3,0,0,0,0,0,0,2,0,0,0,0,0,0
Akmal Mozgovoy,MF,uz,Uzbekistan,27,1.uz Pakhtakor Tashkent FK,1999,3,2,216,2.4,0,1,1,0,0,0,0,0,0,0.42,0.42,0,0.42
Sherzod Nasrullaev,DFMF,uz,Uzbekistan,27,1.uz FC Nasaf,1998,3,3,180,2,0,0,0,0,0,0,1,0,0,0,0,0,0
Abduvohid Nematov,GK,uz,Uzbekistan,25,1.uz FC Nasaf,2001,2,2,180,2,0,0,0,0,0,0,0,0,0,0,0,0,0
Farrukh Sayfiev,DFMF,uz,Uzbekistan,35,1.uz Neftchi FK,1991,1,0,45,0.5,0,0,0,0,0,0,0,0,0,0,0,0,0
Igor Sergeev,FW,uz,Uzbekistan,33,1.ir Persepolis,1993,3,0,28,0.3,0,0,0,0,0,0,0,0,0,0,0,0,0
Eldor Shomurodov,FW,uz,Uzbekistan,30,1.tr Başakşehir,1995,3,3,269,3,1,0,1,1,0,0,0,0,0.33,0,0.33,0.33,0.33
Otabek Shukurov,MF,uz,Uzbekistan,29,1.ae Baniyas FC,1996,3,3,237,2.6,0,0,0,0,0,0,0,0,0,0,0,0,0
Jakhongir Urozov,DF,uz,Uzbekistan,22,1.uz FK Dinamo Samarqand,2004,2,1,95,1.1,0,0,0,0,0,0,0,0,0,0,0,0,0
Oston Urunov,MF,uz,Uzbekistan,25,1.ir Persepolis,2000,2,1,63,0.7,0,0,0,0,0,0,0,0,0,0,0,0,0
Utkir Yusupov,GK,uz,Uzbekistan,35,1.uz Navbahor,1991,1,1,90,1,0,0,0,0,0,0,0,0,0,0,0,0,0
Jayden Adams,MF,za,South Africa,25,1.za Sundowns,2001,3,2,116,1.3,0,0,0,0,0,0,0,0,0,0,0,0,0
Oswin Appollis,MFFW,za,South Africa,24,1.za Orlando Pirates,2001,4,3,255,2.8,0,0,0,0,0,0,0,0,0,0,0,0,0
Lyle Foster,FW,za,South Africa,25,1.eng Burnley,2000,1,1,55,0.6,0,0,0,0,0,0,0,0,0,0,0,0,0
Evidence Makgopa,FW,za,South Africa,26,1.za Orlando Pirates,2000,4,2,215,2.4,0,0,0,0,0,0,0,0,0,0,0,0,0
Thapelo Maseko,MFFW,za,South Africa,22,1.cy AEL Limassol,2003,3,3,242,2.7,1,0,1,1,0,0,0,0,0.37,0,0.37,0.37,0.37
Thalente Mbatha,MF,za,South Africa,26,1.za Orlando Pirates,2000,4,2,260,2.9,0,0,0,0,0,0,1,0,0,0,0,0,0
Mbekezeli Mbokazi,DF,za,South Africa,20,1.us Chicago Fire,2005,4,4,360,4,0,0,0,0,0,0,0,0,0,0,0,0,0
Aubrey Modiba,DF,za,South Africa,30,1.za Sundowns,1995,4,4,346,3.8,0,0,0,0,0,0,1,0,0,0,0,0,0
Relebohile Mofokeng,MF,za,South Africa,21,1.za Orlando Pirates,2004,3,2,169,1.9,0,0,0,0,0,0,0,0,0,0,0,0,0
Teboho Mokoena,MF,za,South Africa,29,1.za Sundowns,1997,3,3,270,3,1,0,1,0,1,1,2,0,0.33,0,0.33,0,0
Tshepang Moremi,MF,za,South Africa,25,1.za Orlando Pirates,2000,2,0,34,0.4,0,1,1,0,0,0,0,0,0,2.65,2.65,0,2.65
Khuliso Mudau,DF,za,South Africa,31,1.za Sundowns,1995,4,4,360,4,0,0,0,0,0,0,0,0,0,0,0,0,0
Ime Okon,DF,za,South Africa,22,2.de Hannover 96,2004,4,4,360,4,0,0,0,0,0,0,0,0,0,0,0,0,0
Iqraam Rayners,FW,za,South Africa,30,1.za Sundowns,1995,4,2,161,1.8,0,0,0,0,0,0,0,0,0,0,0,0,0
Kamogelo Sebelebele,DFMF,za,South Africa,23,1.za Orlando Pirates,2002,1,0,7,0.1,0,0,0,0,0,0,0,0,0,0,0,0,0
Nkosinathi Sibisi,DF,za,South Africa,30,1.za Orlando Pirates,1995,1,1,90,1,0,0,0,0,0,0,1,0,0,0,0,0,0
Sphephelo Sithole,MF,za,South Africa,27,1.pt Tondela,1999,3,3,229,2.5,0,0,0,0,0,0,0,1,0,0,0,0,0
Ronwen Williams,GK,za,South Africa,34,1.za Sundowns,1992,4,4,360,4,0,0,0,0,0,0,0,0,0,0,0,0,0
Themba Zwane,FWMF,za,South Africa,36,1.za Sundowns,1989,1,0,23,0.3,0,0,0,0,0,0,0,1,0,0,0,0,0
